37-44863,aHR0cDovL3RzaG9wLnIxMHMuanAvc29tZW5kby9jYWJpbmV0L2ZhYnJpY3Nyb2xsLzIyMjAwMDA5NDAwMDkuanBnP2ZpdGluPTcwMDo3MDA=,NTkyMC4wMDAw,,,ob63tInTMTJtob8zMDMwIDMtQyCy6MmrIJx1joakraW3qWClwaXzpbA=,yfq12Le0idOk6iC6zbH6,PGltZyBzcmM9Imh0dHA6Ly9pbWFnZS5yYWt1dGVuLmNvLmpwL3NvbWVuZG8vY2FiaW5ldC9ydWxlci5naWYiIHdpZHRoPSI0MDAiIGhlaWdodD0iNDAiIGJvcmRlcj0iMCI+ve2jujExMGNtPEJSPgrL2LLEo7q+ZDEwMCU8QlI+Cr+XvU2/l6O6pbepYKXBpfOlsDxCUj48QlI+PGltZyBzcmM9Imh0dHBzOi8vaW1hZ2UucmFrdXRlbi5jby5qcC9zb21lbmRvL2NhYmluZXQvZGVsaXZlcnlzZy5naWYiIHdpZHRoPSI0MDAiIGhlaWdodD0iNDAwIiBib3JkZXI9IjAiPjxCUj4=,ob63tInTMTJtob8zMDMwIDMtQyCy6MmrIJx1joakraW3qWClwaXzpbCjuqXQpemlqKXGpaOlz6Wmpbk=,VmFyaWV0eSBIb3VzZaXQpemlqKXGpaOlz6WmpbnJ+rXYsryly6XDpcil1aWhpdal6qXDpa+lubrNsfqlz6XvpaSloqXzpa2l66XIpbmlyKXspcOlwaW1pcal86XBpeWpYKXrpaqpYKWspfOluKlgpeqlw6XXpeulraXjpemlr6W/qWDI64hAyOvRp6G+t7SJ0zEybaG/MzAzMCAzLUMgsujJqyCcdY6GpK2lt6lgpcGl86Ww,yfq12Le0idOk6iC6zbH6oaOhvre0idMxMm2hvzMwMzAgMy1DILLoyasgnHWOhqStpbepYKXBpfOlsA==[rn]
37-44864,aHR0cDovL3RzaG9wLnIxMHMuanAvc29tZW5kby9jYWJpbmV0L2ZhYnJpY3Nyb2xsLzIyMjAwMDA5NTAwMDguanBnP2ZpdGluPTcwMDo3MDA=,NTkyMC4wMDAw,,,ob63tInTMTJtob8zMDMwIDMtRCDLe8mrIJx1joakraW3qWClwaXzpbA=,yfq12Le0idOk6iC6zbH6,PGltZyBzcmM9Imh0dHA6Ly9pbWFnZS5yYWt1dGVuLmNvLmpwL3NvbWVuZG8vY2FiaW5ldC9ydWxlci5naWYiIHdpZHRoPSI0MDAiIGhlaWdodD0iNDAiIGJvcmRlcj0iMCI+ve2jujExMGNtPEJSPgrL2LLEo7q+ZDEwMCU8QlI+Cr+XvU2/l6O6pbepYKXBpfOlsDxCUj48QlI+PGltZyBzcmM9Imh0dHBzOi8vaW1hZ2UucmFrdXRlbi5jby5qcC9zb21lbmRvL2NhYmluZXQvZGVsaXZlcnlzZy5naWYiIHdpZHRoPSI0MDAiIGhlaWdodD0iNDAwIiBib3JkZXI9IjAiPjxCUj4=,ob63tInTMTJtob8zMDMwIDMtRCDLe8mrIJx1joakraW3qWClwaXzpbCjuqXQpemlqKXGpaOlz6Wmpbk=,VmFyaWV0eSBIb3VzZaXQpemlqKXGpaOlz6WmpbnJ+rXYsryly6XDpcil1aWhpdal6qXDpa+lubrNsfqlz6XvpaSloqXzpa2l66XIpbmlyKXspcOlwaW1pcal86XBpeWpYKXrpaqpYKWspfOluKlgpeqlw6XXpeulraXjpemlr6W/qWDI64hAyOvRp6G+t7SJ0zEybaG/MzAzMCAzLUQgy3vJqyCcdY6GpK2lt6lgpcGl86Ww,yfq12Le0idOk6iC6zbH6oaOhvre0idMxMm2hvzMwMzAgMy1EIMt7yasgnHWOhqStpbepYKXBpfOlsA==[rn]
37-44865,aHR0cDovL3RzaG9wLnIxMHMuanAvc29tZW5kby9jYWJpbmV0L2ZhYnJpY3Nyb2xsLzIyMjAwMDA5NjAwMDcuanBnP2ZpdGluPTcwMDo3MDA=,NTkyMC4wMDAw,,,ob63tInTMTJtob8zMDMwIDMtRSDH4LTFIJx1joakraW3qWClwaXzpbA=,yfq12Le0idOk6iC6zbH6,PGltZyBzcmM9Imh0dHA6Ly9pbWFnZS5yYWt1dGVuLmNvLmpwL3NvbWVuZG8vY2FiaW5ldC9ydWxlci5naWYiIHdpZHRoPSI0MDAiIGhlaWdodD0iNDAiIGJvcmRlcj0iMCI+ve2jujExMGNtPEJSPgrL2LLEo7q+ZDEwMCU8QlI+Cr+XvU2/l6O6pbepYKXBpfOlsDxCUj48QlI+PGltZyBzcmM9Imh0dHBzOi8vaW1hZ2UucmFrdXRlbi5jby5qcC9zb21lbmRvL2NhYmluZXQvZGVsaXZlcnlzZy5naWYiIHdpZHRoPSI0MDAiIGhlaWdodD0iNDAwIiBib3JkZXI9IjAiPjxCUj4=,ob63tInTMTJtob8zMDMwIDMtRSDH4LTFIJx1joakraW3qWClwaXzpbCjuqXQpemlqKXGpaOlz6Wmpbk=,VmFyaWV0eSBIb3VzZaXQpemlqKXGpaOlz6WmpbnJ+rXYsryly6XDpcil1aWhpdal6qXDpa+lubrNsfqlz6XvpaSloqXzpa2l66XIpbmlyKXspcOlwaW1pcal86XBpeWpYKXrpaqpYKWspfOluKlgpeqlw6XXpeulraXjpemlr6W/qWDI64hAyOvRp6G+t7SJ0zEybaG/MzAzMCAzLUUgx+C0xSCcdY6GpK2lt6lgpcGl86Ww,yfq12Le0idOk6iC6zbH6oaOhvre0idMxMm2hvzMwMzAgMy1FIMfgtMUgnHWOhqStpbepYKXBpfOlsA==[rn]
37-44866,aHR0cDovL3RzaG9wLnIxMHMuanAvc29tZW5kby9jYWJpbmV0L2ZhYnJpY3Nyb2xsLzIyMjAwMDA0NjAwMDIuanBnP2ZpdGluPTcwMDo3MDA=,NjI0MC4wMDAw,,,ob63tInTMTJtob9BRDgxNTAgMTUgQmVpZ2Ugn2+12CA/Pz8/Pw==,yfq12Le0idOk6iC6zbH6,PGltZyBzcmM9Imh0dHA6Ly9pbWFnZS5yYWt1dGVuLmNvLmpwL3NvbWVuZG8vY2FiaW5ldC9ydWxlci5naWYiIHdpZHRoPSI0MDAiIGhlaWdodD0iNDAiIGJvcmRlcj0iMCI+ve2jujExMGNtPEJSPsvYssSjur5kMTAwJTxCUj69Tb+Xo7qlyaXTqWA8QlI+PEJSPjxpbWcgc3JjPSJodHRwczovL2ltYWdlLnJha3V0ZW4uY28uanAvc29tZW5kby9jYWJpbmV0L2RlbGl2ZXJ5c2cuZ2lmIiB3aWR0aD0iNDAwIiBoZWlnaHQ9IjQwMCIgYm9yZGVyPSIwIj48QlI+,ob63tInTMTJtob9BRDgxNTAgMTUgQmVpZ2Ugn2+12CA/Pz8/P6O6pdCl6aWopcalo6XPpaaluQ==,VmFyaWV0eSBIb3VzZaXQpemlqKXGpaOlz6WmpbnJ+rXYsryly6XDpcil1aWhpdal6qXDpa+lubrNsfqlz6XvpaSloqXzpa2l66XIpbmlyKXspcOlwaW1pcal86XBpeWpYKXrpaqpYKWspfOluKlgpeqlw6XXpeulraXjpemlr6W/qWDI64hAyOvRp6G+t7SJ0zEybaG/QUQ4MTUwIDE1IEJlaWdlIJ9vtdggPz8/Pz8=,yfq12Le0idOk6iC6zbH6oaOhvre0idMxMm2hv0FEODE1MCAxNSBCZWlnZSCfb7XYID8/Pz8/[rn]
37-44867,aHR0cDovL3RzaG9wLnIxMHMuanAvc29tZW5kby9jYWJpbmV0L2ZhYnJpY3Nyb2xsLzIyMjAwMDA0ODAwMDAuanBnP2ZpdGluPTcwMDo3MDA=,NjI0MC4wMDAw,,,ob63tInTMTJtob9BRDgxNTAgMjE0ID8/Pz8/ID8/Pw==,yfq12Le0idOk6iC6zbH6,PGltZyBzcmM9Imh0dHA6Ly9pbWFnZS5yYWt1dGVuLmNvLmpwL3NvbWVuZG8vY2FiaW5ldC9ydWxlci5naWYiIHdpZHRoPSI0MDAiIGhlaWdodD0iNDAiIGJvcmRlcj0iMCI+ve2jujExMGNtPEJSPsvYssSjur5kMTAwJTxCUj69Tb+Xo7qlyaXTqWA8QlI+PEJSPjxpbWcgc3JjPSJodHRwczovL2ltYWdlLnJha3V0ZW4uY28uanAvc29tZW5kby9jYWJpbmV0L2RlbGl2ZXJ5c2cuZ2lmIiB3aWR0aD0iNDAwIiBoZWlnaHQ9IjQwMCIgYm9yZGVyPSIwIj48QlI+,ob63tInTMTJtob9BRDgxNTAgMjE0ID8/Pz8/ID8/P6O6pdCl6aWopcalo6XPpaaluQ==,VmFyaWV0eSBIb3VzZaXQpemlqKXGpaOlz6WmpbnJ+rXYsryly6XDpcil1aWhpdal6qXDpa+lubrNsfqlz6XvpaSloqXzpa2l66XIpbmlyKXspcOlwaW1pcal86XBpeWpYKXrpaqpYKWspfOluKlgpeqlw6XXpeulraXjpemlr6W/qWDI64hAyOvRp6G+t7SJ0zEybaG/QUQ4MTUwIDIxNCA/Pz8/PyA/Pz8=,yfq12Le0idOk6iC6zbH6oaOhvre0idMxMm2hv0FEODE1MCAyMTQgPz8/Pz8gPz8/[rn]
37-44868,aHR0cDovL3RzaG9wLnIxMHMuanAvc29tZW5kby9jYWJpbmV0L2ZhYnJpY3Nyb2xsLzIyMjAwMDA0OTAwMDkuanBnP2ZpdGluPTcwMDo3MDA=,NjI0MC4wMDAw,,,ob63tInTMTJtob9BRDgxNTAgMjQ4ID8/Pz8/ID8/Pz8=,yfq12Le0idOk6iC6zbH6,PGltZyBzcmM9Imh0dHA6Ly9pbWFnZS5yYWt1dGVuLmNvLmpwL3NvbWVuZG8vY2FiaW5ldC9ydWxlci5naWYiIHdpZHRoPSI0MDAiIGhlaWdodD0iNDAiIGJvcmRlcj0iMCI+ve2jujExMGNtPEJSPsvYssSjur5kMTAwJTxCUj69Tb+Xo7qlyaXTqWA8QlI+PEJSPjxpbWcgc3JjPSJodHRwczovL2ltYWdlLnJha3V0ZW4uY28uanAvc29tZW5kby9jYWJpbmV0L2RlbGl2ZXJ5c2cuZ2lmIiB3aWR0aD0iNDAwIiBoZWlnaHQ9IjQwMCIgYm9yZGVyPSIwIj48QlI+,ob63tInTMTJtob9BRDgxNTAgMjQ4ID8/Pz8/ID8/Pz+juqXQpemlqKXGpaOlz6Wmpbk=,VmFyaWV0eSBIb3VzZaXQpemlqKXGpaOlz6WmpbnJ+rXYsryly6XDpcil1aWhpdal6qXDpa+lubrNsfqlz6XvpaSloqXzpa2l66XIpbmlyKXspcOlwaW1pcal86XBpeWpYKXrpaqpYKWspfOluKlgpeqlw6XXpeulraXjpemlr6W/qWDI64hAyOvRp6G+t7SJ0zEybaG/QUQ4MTUwIDI0OCA/Pz8/PyA/Pz8/,yfq12Le0idOk6iC6zbH6oaOhvre0idMxMm2hv0FEODE1MCAyNDggPz8/Pz8gPz8/Pw==[rn]
37-44869,aHR0cDovL3RzaG9wLnIxMHMuanAvc29tZW5kby9jYWJpbmV0L2ZhYnJpY3Nyb2xsLzIyMjAwMDA1MDAwMDUuanBnP2ZpdGluPTcwMDo3MDA=,NjI0MC4wMDAw,,,ob63tInTMTJtob9BRDgxNTAgMjY2ID8/Pz8/ID8/,yfq12Le0idOk6iC6zbH6,PGltZyBzcmM9Imh0dHA6Ly9pbWFnZS5yYWt1dGVuLmNvLmpwL3NvbWVuZG8vY2FiaW5ldC9ydWxlci5naWYiIHdpZHRoPSI0MDAiIGhlaWdodD0iNDAiIGJvcmRlcj0iMCI+ve2jujExMGNtPEJSPsvYssSjur5kMTAwJTxCUj69Tb+Xo7qlyaXTqWA8QlI+PEJSPjxpbWcgc3JjPSJodHRwczovL2ltYWdlLnJha3V0ZW4uY28uanAvc29tZW5kby9jYWJpbmV0L2RlbGl2ZXJ5c2cuZ2lmIiB3aWR0aD0iNDAwIiBoZWlnaHQ9IjQwMCIgYm9yZGVyPSIwIj48QlI+,ob63tInTMTJtob9BRDgxNTAgMjY2ID8/Pz8/ID8/o7ql0KXppailxqWjpc+lpqW5,VmFyaWV0eSBIb3VzZaXQpemlqKXGpaOlz6WmpbnJ+rXYsryly6XDpcil1aWhpdal6qXDpa+lubrNsfqlz6XvpaSloqXzpa2l66XIpbmlyKXspcOlwaW1pcal86XBpeWpYKXrpaqpYKWspfOluKlgpeqlw6XXpeulraXjpemlr6W/qWDI64hAyOvRp6G+t7SJ0zEybaG/QUQ4MTUwIDI2NiA/Pz8/PyA/Pw==,yfq12Le0idOk6iC6zbH6oaOhvre0idMxMm2hv0FEODE1MCAyNjYgPz8/Pz8gPz8=[rn]
37-44870,aHR0cDovL3RzaG9wLnIxMHMuanAvc29tZW5kby9jYWJpbmV0L2ZhYnJpY3Nyb2xsLzIyMjAwMDA1MTAwMDQuanBnP2ZpdGluPTcwMDo3MDA=,NjI0MC4wMDAw,,,ob63tInTMTJtob9BRDgxNTAgMjcxID8/Pz8/ID8/Pz8=,yfq12Le0idOk6iC6zbH6,PGltZyBzcmM9Imh0dHA6Ly9pbWFnZS5yYWt1dGVuLmNvLmpwL3NvbWVuZG8vY2FiaW5ldC9ydWxlci5naWYiIHdpZHRoPSI0MDAiIGhlaWdodD0iNDAiIGJvcmRlcj0iMCI+ve2jujExMGNtPEJSPsvYssSjur5kMTAwJTxCUj69Tb+Xo7qlyaXTqWA8QlI+PEJSPjxpbWcgc3JjPSJodHRwczovL2ltYWdlLnJha3V0ZW4uY28uanAvc29tZW5kby9jYWJpbmV0L2RlbGl2ZXJ5c2cuZ2lmIiB3aWR0aD0iNDAwIiBoZWlnaHQ9IjQwMCIgYm9yZGVyPSIwIj48QlI+,ob63tInTMTJtob9BRDgxNTAgMjcxID8/Pz8/ID8/Pz+juqXQpemlqKXGpaOlz6Wmpbk=,VmFyaWV0eSBIb3VzZaXQpemlqKXGpaOlz6WmpbnJ+rXYsryly6XDpcil1aWhpdal6qXDpa+lubrNsfqlz6XvpaSloqXzpa2l66XIpbmlyKXspcOlwaW1pcal86XBpeWpYKXrpaqpYKWspfOluKlgpeqlw6XXpeulraXjpemlr6W/qWDI64hAyOvRp6G+t7SJ0zEybaG/QUQ4MTUwIDI3MSA/Pz8/PyA/Pz8/,yfq12Le0idOk6iC6zbH6oaOhvre0idMxMm2hv0FEODE1MCAyNzEgPz8/Pz8gPz8/Pw==[rn]
37-44871,aHR0cDovL3RzaG9wLnIxMHMuanAvc29tZW5kby9jYWJpbmV0L2ZhYnJpY3Nyb2xsLzMwMDAwMDM1ODAwMDEuanBnP2ZpdGluPTcwMDo3MDA=,MzE4NDAuMDAwMA==,,,ob63tInTNTBtob8xMTQgMDAyIE9mZi1XaGl0ZSAzMKXVpemlpKW5,yfq12Le0idOk6iCly6XDpcg=,PGltZyBzcmM9Imh0dHA6Ly9pbWFnZS5yYWt1dGVuLmNvLmpwL3NvbWVuZG8vY2FiaW5ldC9ydWxlci5naWYiIHdpZHRoPSI0MDAiIGhlaWdodD0iNDAiIGJvcmRlcj0iMCI+ve2jujEwMGNtPEJSPgrL2LLEo7q+ZDEwMCU8QlI+Cr6OvU2/l6O6pdWl6aWkpbk8QlI+PEJSPjxpbWcgc3JjPSJodHRwczovL2ltYWdlLnJha3V0ZW4uY28uanAvc29tZW5kby9jYWJpbmV0L2RlbGl2ZXJ5c2cuZ2lmIiB3aWR0aD0iNDAwIiBoZWlnaHQ9IjQwMCIgYm9yZGVyPSIwIj48QlI+,ob63tInTNTBtob8xMTQgMDAyIE9mZi1XaGl0ZSAzMKXVpemlpKW5o7ql0KXppailxqWjpc+lpqW5,VmFyaWV0eSBIb3VzZaXQpemlqKXGpaOlz6WmpbnJ+rXYsryly6XDpcil1aWhpdal6qXDpa+lubrNsfqlz6XvpaSloqXzpa2l66XIpbmlyKXspcOlwaW1pcal86XBpeWpYKXrpaqpYKWspfOluKlgpeqlw6XXpeulraXjpemlr6W/qWDI64hAyOvRp6G+t7SJ0zUwbaG/MTE0IDAwMiBPZmYtV2hpdGUgMzCl1aXppaSluQ==,yfq12Le0idOk6iCly6XDpciho6G+t7SJ0zUwbaG/MTE0IDAwMiBPZmYtV2hpdGUgMzCl1aXppaSluQ==[rn]
37-44872,aHR0cDovL3RzaG9wLnIxMHMuanAvc29tZW5kby9jYWJpbmV0L2ZhYnJpY3Nyb2xsLzMwMDAwMDM1OTAwMDAuanBnP2ZpdGluPTcwMDo3MDA=,MzE4NDAuMDAwMA==,,,ob63tInTNTBtob8xMTQgMDA2IEJsYWNrIDMwpdWl6aWkpbk=,yfq12Le0idOk6iCly6XDpcg=,PGltZyBzcmM9Imh0dHA6Ly9pbWFnZS5yYWt1dGVuLmNvLmpwL3NvbWVuZG8vY2FiaW5ldC9ydWxlci5naWYiIHdpZHRoPSI0MDAiIGhlaWdodD0iNDAiIGJvcmRlcj0iMCI+ve2jujEwMGNtPEJSPgrL2LLEo7q+ZDEwMCU8QlI+Cr6OvU2/l6O6pdWl6aWkpbk8QlI+PEJSPjxpbWcgc3JjPSJodHRwczovL2ltYWdlLnJha3V0ZW4uY28uanAvc29tZW5kby9jYWJpbmV0L2RlbGl2ZXJ5c2cuZ2lmIiB3aWR0aD0iNDAwIiBoZWlnaHQ9IjQwMCIgYm9yZGVyPSIwIj48QlI+,ob63tInTNTBtob8xMTQgMDA2IEJsYWNrIDMwpdWl6aWkpbmjuqXQpemlqKXGpaOlz6Wmpbk=,VmFyaWV0eSBIb3VzZaXQpemlqKXGpaOlz6WmpbnJ+rXYsryly6XDpcil1aWhpdal6qXDpa+lubrNsfqlz6XvpaSloqXzpa2l66XIpbmlyKXspcOlwaW1pcal86XBpeWpYKXrpaqpYKWspfOluKlgpeqlw6XXpeulraXjpemlr6W/qWDI64hAyOvRp6G+t7SJ0zUwbaG/MTE0IDAwNiBCbGFjayAzMKXVpemlpKW5,yfq12Le0idOk6iCly6XDpciho6G+t7SJ0zUwbaG/MTE0IDAwNiBCbGFjayAzMKXVpemlpKW5[rn]
37-44873,aHR0cDovL3RzaG9wLnIxMHMuanAvc29tZW5kby9jYWJpbmV0L2ZhYnJpY3Nyb2xsLzMwMDAwMDM2MDAwMDYuanBnP2ZpdGluPTcwMDo3MDA=,MzE4NDAuMDAwMA==,,,ob63tInTNTBtob8xMTQgMDI0IEdyYXkgMzCl1aXppaSluQ==,yfq12Le0idOk6iCly6XDpcg=,PGltZyBzcmM9Imh0dHA6Ly9pbWFnZS5yYWt1dGVuLmNvLmpwL3NvbWVuZG8vY2FiaW5ldC9ydWxlci5naWYiIHdpZHRoPSI0MDAiIGhlaWdodD0iNDAiIGJvcmRlcj0iMCI+ve2jujEwMGNtPEJSPgrL2LLEo7q+ZDEwMCU8QlI+Cr6OvU2/l6O6pdWl6aWkpbk8QlI+PEJSPjxpbWcgc3JjPSJodHRwczovL2ltYWdlLnJha3V0ZW4uY28uanAvc29tZW5kby9jYWJpbmV0L2RlbGl2ZXJ5c2cuZ2lmIiB3aWR0aD0iNDAwIiBoZWlnaHQ9IjQwMCIgYm9yZGVyPSIwIj48QlI+,ob63tInTNTBtob8xMTQgMDI0IEdyYXkgMzCl1aXppaSluaO6pdCl6aWopcalo6XPpaaluQ==,VmFyaWV0eSBIb3VzZaXQpemlqKXGpaOlz6WmpbnJ+rXYsryly6XDpcil1aWhpdal6qXDpa+lubrNsfqlz6XvpaSloqXzpa2l66XIpbmlyKXspcOlwaW1pcal86XBpeWpYKXrpaqpYKWspfOluKlgpeqlw6XXpeulraXjpemlr6W/qWDI64hAyOvRp6G+t7SJ0zUwbaG/MTE0IDAyNCBHcmF5IDMwpdWl6aWkpbk=,yfq12Le0idOk6iCly6XDpciho6G+t7SJ0zUwbaG/MTE0IDAyNCBHcmF5IDMwpdWl6aWkpbk=[rn]
37-44874,aHR0cDovL3RzaG9wLnIxMHMuanAvc29tZW5kby9jYWJpbmV0L2ZhYnJpY3Nyb2xsLzMwMDAwMDM2MTAwMDUuanBnP2ZpdGluPTcwMDo3MDA=,MzE4NDAuMDAwMA==,,,ob63tInTNTBtob8xMTQgMjQ3IFJlZCAzMKXVpemlpKW5,yfq12Le0idOk6iCly6XDpcg=,PGltZyBzcmM9Imh0dHA6Ly9pbWFnZS5yYWt1dGVuLmNvLmpwL3NvbWVuZG8vY2FiaW5ldC9ydWxlci5naWYiIHdpZHRoPSI0MDAiIGhlaWdodD0iNDAiIGJvcmRlcj0iMCI+ve2jujEwMGNtPEJSPgrL2LLEo7q+ZDEwMCU8QlI+Cr6OvU2/l6O6pdWl6aWkpbk8QlI+PEJSPjxpbWcgc3JjPSJodHRwczovL2ltYWdlLnJha3V0ZW4uY28uanAvc29tZW5kby9jYWJpbmV0L2RlbGl2ZXJ5c2cuZ2lmIiB3aWR0aD0iNDAwIiBoZWlnaHQ9IjQwMCIgYm9yZGVyPSIwIj48QlI+,ob63tInTNTBtob8xMTQgMjQ3IFJlZCAzMKXVpemlpKW5o7ql0KXppailxqWjpc+lpqW5,VmFyaWV0eSBIb3VzZaXQpemlqKXGpaOlz6WmpbnJ+rXYsryly6XDpcil1aWhpdal6qXDpa+lubrNsfqlz6XvpaSloqXzpa2l66XIpbmlyKXspcOlwaW1pcal86XBpeWpYKXrpaqpYKWspfOluKlgpeqlw6XXpeulraXjpemlr6W/qWDI64hAyOvRp6G+t7SJ0zUwbaG/MTE0IDI0NyBSZWQgMzCl1aXppaSluQ==,yfq12Le0idOk6iCly6XDpciho6G+t7SJ0zUwbaG/MTE0IDI0NyBSZWQgMzCl1aXppaSluQ==[rn]
37-44875,aHR0cDovL3RzaG9wLnIxMHMuanAvc29tZW5kby9jYWJpbmV0L2ZhYnJpY3Nyb2xsLzIyMzAwMDAwMTAwMDguanBnP2ZpdGluPTcwMDo3MDA=,NzEyMC4wMDAw,,,ob63tInTMTJtob9BUDgwMSBBIMPUssqx+jIwc6XEpaSl6w==,yfq12Le0idOk6iCl16XqpfOlyLv5sb6x+g==,PGltZyBzcmM9Imh0dHA6Ly9pbWFnZS5yYWt1dGVuLmNvLmpwL3NvbWVuZG8vY2FiaW5ldC9ydWxlci5naWYiIHdpZHRoPSI0MDAiIGhlaWdodD0iNDAiIGJvcmRlcj0iMCI+ve2jujExMGNtPEJSPgrL2LLEo7q+ZDEwMCU8QlI+Cr+XvU2/l6O6pcSlpKXrMjAvMTxCUj48QlI+PGltZyBzcmM9Imh0dHBzOi8vaW1hZ2UucmFrdXRlbi5jby5qcC9zb21lbmRvL2NhYmluZXQvZGVsaXZlcnlzZy5naWYiIHdpZHRoPSI0MDAiIGhlaWdodD0iNDAwIiBib3JkZXI9IjAiPjxCUj4=,ob63tInTMTJtob9BUDgwMSBBIMPUssqx+jIwc6XEpaSl66O6pdCl6aWopcalo6XPpaaluQ==,VmFyaWV0eSBIb3VzZaXQpemlqKXGpaOlz6WmpbnJ+rXYsryly6XDpcil1aWhpdal6qXDpa+lubrNsfqlz6XvpaSloqXzpa2l66XIpbmlyKXspcOlwaW1pcal86XBpeWpYKXrpaqpYKWspfOluKlgpeqlw6XXpeulraXjpemlr6W/qWDI64hAyOvRp6G+t7SJ0zEybaG/QVA4MDEgQSDD1LLKsfoyMHOlxKWkpes=,yfq12Le0idOk6iCl16XqpfOlyLv5sb6x+qGjob63tInTMTJtob9BUDgwMSBBIMPUssqx+jIwc6XEpaSl6w==[rn]
37-44876,aHR0cDovL3RzaG9wLnIxMHMuanAvc29tZW5kby9jYWJpbmV0L2ZhYnJpY3Nyb2xsLzIyMzAwMDAwMjAwMDcuanBnP2ZpdGluPTcwMDo3MDA=,NzEyMC4wMDAw,,,ob63tInTMTJtob9BUDgwMSBCIMPUssqx+jIwc6XEpaSl6w==,yfq12Le0idOk6iCl16XqpfOlyLv5sb6x+g==,PGltZyBzcmM9Imh0dHA6Ly9pbWFnZS5yYWt1dGVuLmNvLmpwL3NvbWVuZG8vY2FiaW5ldC9ydWxlci5naWYiIHdpZHRoPSI0MDAiIGhlaWdodD0iNDAiIGJvcmRlcj0iMCI+ve2jujExMGNtPEJSPgrL2LLEo7q+ZDEwMCU8QlI+Cr+XvU2/l6O6pcSlpKXrMjAvMTxCUj48QlI+PGltZyBzcmM9Imh0dHBzOi8vaW1hZ2UucmFrdXRlbi5jby5qcC9zb21lbmRvL2NhYmluZXQvZGVsaXZlcnlzZy5naWYiIHdpZHRoPSI0MDAiIGhlaWdodD0iNDAwIiBib3JkZXI9IjAiPjxCUj4=,ob63tInTMTJtob9BUDgwMSBCIMPUssqx+jIwc6XEpaSl66O6pdCl6aWopcalo6XPpaaluQ==,VmFyaWV0eSBIb3VzZaXQpemlqKXGpaOlz6WmpbnJ+rXYsryly6XDpcil1aWhpdal6qXDpa+lubrNsfqlz6XvpaSloqXzpa2l66XIpbmlyKXspcOlwaW1pcal86XBpeWpYKXrpaqpYKWspfOluKlgpeqlw6XXpeulraXjpemlr6W/qWDI64hAyOvRp6G+t7SJ0zEybaG/QVA4MDEgQiDD1LLKsfoyMHOlxKWkpes=,yfq12Le0idOk6iCl16XqpfOlyLv5sb6x+qGjob63tInTMTJtob9BUDgwMSBCIMPUssqx+jIwc6XEpaSl6w==[rn]
37-44877,aHR0cDovL3RzaG9wLnIxMHMuanAvc29tZW5kby9jYWJpbmV0L2ZhYnJpY3Nyb2xsLzIyMzAwMDAwMzAwMDYuanBnP2ZpdGluPTcwMDo3MDA=,NzEyMC4wMDAw,,,ob63tInTMTJtob9BUDgwMSBDIMPUssqx+jIwc6XEpaSl6w==,yfq12Le0idOk6iCl16XqpfOlyLv5sb6x+g==,PGltZyBzcmM9Imh0dHA6Ly9pbWFnZS5yYWt1dGVuLmNvLmpwL3NvbWVuZG8vY2FiaW5ldC9ydWxlci5naWYiIHdpZHRoPSI0MDAiIGhlaWdodD0iNDAiIGJvcmRlcj0iMCI+ve2jujExMGNtPEJSPgrL2LLEo7q+ZDEwMCU8QlI+Cr+XvU2/l6O6pcSlpKXrMjAvMTxCUj48QlI+PGltZyBzcmM9Imh0dHBzOi8vaW1hZ2UucmFrdXRlbi5jby5qcC9zb21lbmRvL2NhYmluZXQvZGVsaXZlcnlzZy5naWYiIHdpZHRoPSI0MDAiIGhlaWdodD0iNDAwIiBib3JkZXI9IjAiPjxCUj4=,ob63tInTMTJtob9BUDgwMSBDIMPUssqx+jIwc6XEpaSl66O6pdCl6aWopcalo6XPpaaluQ==,VmFyaWV0eSBIb3VzZaXQpemlqKXGpaOlz6WmpbnJ+rXYsryly6XDpcil1aWhpdal6qXDpa+lubrNsfqlz6XvpaSloqXzpa2l66XIpbmlyKXspcOlwaW1pcal86XBpeWpYKXrpaqpYKWspfOluKlgpeqlw6XXpeulraXjpemlr6W/qWDI64hAyOvRp6G+t7SJ0zEybaG/QVA4MDEgQyDD1LLKsfoyMHOlxKWkpes=,yfq12Le0idOk6iCl16XqpfOlyLv5sb6x+qGjob63tInTMTJtob9BUDgwMSBDIMPUssqx+jIwc6XEpaSl6w==[rn]
37-44878,aHR0cDovL3RzaG9wLnIxMHMuanAvc29tZW5kby9jYWJpbmV0L2ZhYnJpY3Nyb2xsLzIyMzAwMDAwNDAwMDUuanBnP2ZpdGluPTcwMDo3MDA=,NzEyMC4wMDAw,,,ob63tInTMTJtob9BUDgwMSBEIMPUssqx+jIwc6XEpaSl6w==,yfq12Le0idOk6iCl16XqpfOlyLv5sb6x+g==,PGltZyBzcmM9Imh0dHA6Ly9pbWFnZS5yYWt1dGVuLmNvLmpwL3NvbWVuZG8vY2FiaW5ldC9ydWxlci5naWYiIHdpZHRoPSI0MDAiIGhlaWdodD0iNDAiIGJvcmRlcj0iMCI+ve2jujExMGNtPEJSPgrL2LLEo7q+ZDEwMCU8QlI+Cr+XvU2/l6O6pcSlpKXrMjAvMTxCUj48QlI+PGltZyBzcmM9Imh0dHBzOi8vaW1hZ2UucmFrdXRlbi5jby5qcC9zb21lbmRvL2NhYmluZXQvZGVsaXZlcnlzZy5naWYiIHdpZHRoPSI0MDAiIGhlaWdodD0iNDAwIiBib3JkZXI9IjAiPjxCUj4=,ob63tInTMTJtob9BUDgwMSBEIMPUssqx+jIwc6XEpaSl66O6pdCl6aWopcalo6XPpaaluQ==,VmFyaWV0eSBIb3VzZaXQpemlqKXGpaOlz6WmpbnJ+rXYsryly6XDpcil1aWhpdal6qXDpa+lubrNsfqlz6XvpaSloqXzpa2l66XIpbmlyKXspcOlwaW1pcal86XBpeWpYKXrpaqpYKWspfOluKlgpeqlw6XXpeulraXjpemlr6W/qWDI64hAyOvRp6G+t7SJ0zEybaG/QVA4MDEgRCDD1LLKsfoyMHOlxKWkpes=,yfq12Le0idOk6iCl16XqpfOlyLv5sb6x+qGjob63tInTMTJtob9BUDgwMSBEIMPUssqx+jIwc6XEpaSl6w==[rn]
37-44879,aHR0cDovL3RzaG9wLnIxMHMuanAvc29tZW5kby9jYWJpbmV0L2ZhYnJpY3Nyb2xsLzIyMzAwMDAwNTAwMDQuanBnP2ZpdGluPTcwMDo3MDA=,NzEyMC4wMDAw,,,ob63tInTMTJtob9BUDgwMiAxQSBDYW1lbCCxqrH6MjBzpcSlpKXr,yfq12Le0idOk6iCl16XqpfOlyLv5sb6x+g==,PGltZyBzcmM9Imh0dHA6Ly9pbWFnZS5yYWt1dGVuLmNvLmpwL3NvbWVuZG8vY2FiaW5ldC9ydWxlci5naWYiIHdpZHRoPSI0MDAiIGhlaWdodD0iNDAiIGJvcmRlcj0iMCI+ve2jujExMGNtPEJSPgrL2LLEo7q+ZDEwMCU8QlI+Cr+XvU2/l6O6MjAvMbjws8c8QlI+PEJSPjxpbWcgc3JjPSJodHRwczovL2ltYWdlLnJha3V0ZW4uY28uanAvc29tZW5kby9jYWJpbmV0L2RlbGl2ZXJ5c2cuZ2lmIiB3aWR0aD0iNDAwIiBoZWlnaHQ9IjQwMCIgYm9yZGVyPSIwIj48QlI+,ob63tInTMTJtob9BUDgwMiAxQSBDYW1lbCCxqrH6MjBzpcSlpKXro7ql0KXppailxqWjpc+lpqW5,VmFyaWV0eSBIb3VzZaXQpemlqKXGpaOlz6WmpbnJ+rXYsryly6XDpcil1aWhpdal6qXDpa+lubrNsfqlz6XvpaSloqXzpa2l66XIpbmlyKXspcOlwaW1pcal86XBpeWpYKXrpaqpYKWspfOluKlgpeqlw6XXpeulraXjpemlr6W/qWDI64hAyOvRp6G+t7SJ0zEybaG/QVA4MDIgMUEgQ2FtZWwgsaqx+jIwc6XEpaSl6w==,yfq12Le0idOk6iCl16XqpfOlyLv5sb6x+qGjob63tInTMTJtob9BUDgwMiAxQSBDYW1lbCCxqrH6MjBzpcSlpKXr[rn]
37-44880,aHR0cDovL3RzaG9wLnIxMHMuanAvc29tZW5kby9jYWJpbmV0L2ZhYnJpY3Nyb2xsLzIyMzAwMDAwNjAwMDMuanBnP2ZpdGluPTcwMDo3MDA=,NzEyMC4wMDAw,,,ob63tInTMTJtob9BUDgwMiAxQiBHcmF5ILGqsfoyMHOlxKWkpes=,yfq12Le0idOk6iCl16XqpfOlyLv5sb6x+g==,PGltZyBzcmM9Imh0dHA6Ly9pbWFnZS5yYWt1dGVuLmNvLmpwL3NvbWVuZG8vY2FiaW5ldC9ydWxlci5naWYiIHdpZHRoPSI0MDAiIGhlaWdodD0iNDAiIGJvcmRlcj0iMCI+ve2jujExMGNtPEJSPgrL2LLEo7q+ZDEwMCU8QlI+Cr+XvU2/l6O6MjAvMbjws8c8QlI+PEJSPjxpbWcgc3JjPSJodHRwczovL2ltYWdlLnJha3V0ZW4uY28uanAvc29tZW5kby9jYWJpbmV0L2RlbGl2ZXJ5c2cuZ2lmIiB3aWR0aD0iNDAwIiBoZWlnaHQ9IjQwMCIgYm9yZGVyPSIwIj48QlI+,ob63tInTMTJtob9BUDgwMiAxQiBHcmF5ILGqsfoyMHOlxKWkpeujuqXQpemlqKXGpaOlz6Wmpbk=,VmFyaWV0eSBIb3VzZaXQpemlqKXGpaOlz6WmpbnJ+rXYsryly6XDpcil1aWhpdal6qXDpa+lubrNsfqlz6XvpaSloqXzpa2l66XIpbmlyKXspcOlwaW1pcal86XBpeWpYKXrpaqpYKWspfOluKlgpeqlw6XXpeulraXjpemlr6W/qWDI64hAyOvRp6G+t7SJ0zEybaG/QVA4MDIgMUIgR3JheSCxqrH6MjBzpcSlpKXr,yfq12Le0idOk6iCl16XqpfOlyLv5sb6x+qGjob63tInTMTJtob9BUDgwMiAxQiBHcmF5ILGqsfoyMHOlxKWkpes=[rn]
37-44881,aHR0cDovL3RzaG9wLnIxMHMuanAvc29tZW5kby9jYWJpbmV0L2ZhYnJpY3Nyb2xsLzIyMzAwMDAwODAwMDEuanBnP2ZpdGluPTcwMDo3MDA=,NzEyMC4wMDAw,,,ob63tInTMTJtob9BUDgwMiAxRCBQaW5rILGqsfogMjBzPz8/,yfq12Le0idOk6iCl16XqpfOlyLv5sb6x+g==,PGltZyBzcmM9Imh0dHA6Ly9pbWFnZS5yYWt1dGVuLmNvLmpwL3NvbWVuZG8vY2FiaW5ldC9ydWxlci5naWYiIHdpZHRoPSI0MDAiIGhlaWdodD0iNDAiIGJvcmRlcj0iMCI+ve2jujExMGNtPEJSPgrL2LLEo7q+ZDEwMCU8QlI+Cr+XvU2/l6O6MjAvMbjws8c8QlI+PEJSPjxpbWcgc3JjPSJodHRwczovL2ltYWdlLnJha3V0ZW4uY28uanAvc29tZW5kby9jYWJpbmV0L2RlbGl2ZXJ5c2cuZ2lmIiB3aWR0aD0iNDAwIiBoZWlnaHQ9IjQwMCIgYm9yZGVyPSIwIj48QlI+,ob63tInTMTJtob9BUDgwMiAxRCBQaW5rILGqsfogMjBzPz8/o7ql0KXppailxqWjpc+lpqW5,VmFyaWV0eSBIb3VzZaXQpemlqKXGpaOlz6WmpbnJ+rXYsryly6XDpcil1aWhpdal6qXDpa+lubrNsfqlz6XvpaSloqXzpa2l66XIpbmlyKXspcOlwaW1pcal86XBpeWpYKXrpaqpYKWspfOluKlgpeqlw6XXpeulraXjpemlr6W/qWDI64hAyOvRp6G+t7SJ0zEybaG/QVA4MDIgMUQgUGluayCxqrH6IDIwcz8/Pw==,yfq12Le0idOk6iCl16XqpfOlyLv5sb6x+qGjob63tInTMTJtob9BUDgwMiAxRCBQaW5rILGqsfogMjBzPz8/[rn]
37-44882,aHR0cDovL3RzaG9wLnIxMHMuanAvc29tZW5kby9jYWJpbmV0L2ZhYnJpY3Nyb2xsLzIwOTAwMzQzNDAwMDMuanBnP2ZpdGluPTcwMDo3MDA=,MjAzMjAuMDAwMA==,,,ob63tInTNTZtob84ODE5MCAxLTA5IFNhbG1vbiDLrtPxpdal7algpck=,yfq12Le0idOk6iCl16XqpfOlyLv5sb6x+g==,PGltZyBzcmM9Imh0dHA6Ly9pbWFnZS5yYWt1dGVuLmNvLmpwL3NvbWVuZG8vY2FiaW5ldC9ydWxlci5naWYiIHdpZHRoPSI0MDAiIGhlaWdodD0iNDAiIGJvcmRlcj0iMCI+ve2jujExMmNtPEJSPgrL2LLEo7q+ZDEwMCU8QlI+Cr+XvU2/l6O6MjA1sb6l1qXtqWClyTxCUj48QlI+PGltZyBzcmM9Imh0dHBzOi8vaW1hZ2UucmFrdXRlbi5jby5qcC9zb21lbmRvL2NhYmluZXQvZGVsaXZlcnlzZy5naWYiIHdpZHRoPSI0MDAiIGhlaWdodD0iNDAwIiBib3JkZXI9IjAiPjxCUj4=,ob63tInTNTZtob84ODE5MCAxLTA5IFNhbG1vbiDLrtPxpdal7algpcmjuqXQpemlqKXGpaOlz6Wmpbk=,VmFyaWV0eSBIb3VzZaXQpemlqKXGpaOlz6WmpbnJ+rXYsryly6XDpcil1aWhpdal6qXDpa+lubrNsfqlz6XvpaSloqXzpa2l66XIpbmlyKXspcOlwaW1pcal86XBpeWpYKXrpaqpYKWspfOluKlgpeqlw6XXpeulraXjpemlr6W/qWDI64hAyOvRp6G+t7SJ0zU2baG/ODgxOTAgMS0wOSBTYWxtb24gy67T8aXWpe2pYKXJ,yfq12Le0idOk6iCl16XqpfOlyLv5sb6x+qGjob63tInTNTZtob84ODE5MCAxLTA5IFNhbG1vbiDLrtPxpdal7algpck=[rn]
37-44883,aHR0cDovL3RzaG9wLnIxMHMuanAvc29tZW5kby9jYWJpbmV0L2ZhYnJpY3Nyb2xsLzIwOTAwMzQzNTAwMDIuanBnP2ZpdGluPTcwMDo3MDA=,MjAzMjAuMDAwMA==,,,ob63tInTNTZtob84ODE5MCAxLTEwIFJlZCDLrtPxpdal7algpck=,yfq12Le0idOk6iCl16XqpfOlyLv5sb6x+g==,PGltZyBzcmM9Imh0dHA6Ly9pbWFnZS5yYWt1dGVuLmNvLmpwL3NvbWVuZG8vY2FiaW5ldC9ydWxlci5naWYiIHdpZHRoPSI0MDAiIGhlaWdodD0iNDAiIGJvcmRlcj0iMCI+ve2jujExMmNtPEJSPgrL2LLEo7q+ZDEwMCU8QlI+Cr+XvU2/l6O6MjA1sb6l1qXtqWClyTxCUj48QlI+PGltZyBzcmM9Imh0dHBzOi8vaW1hZ2UucmFrdXRlbi5jby5qcC9zb21lbmRvL2NhYmluZXQvZGVsaXZlcnlzZy5naWYiIHdpZHRoPSI0MDAiIGhlaWdodD0iNDAwIiBib3JkZXI9IjAiPjxCUj4=,ob63tInTNTZtob84ODE5MCAxLTEwIFJlZCDLrtPxpdal7algpcmjuqXQpemlqKXGpaOlz6Wmpbk=,VmFyaWV0eSBIb3VzZaXQpemlqKXGpaOlz6WmpbnJ+rXYsryly6XDpcil1aWhpdal6qXDpa+lubrNsfqlz6XvpaSloqXzpa2l66XIpbmlyKXspcOlwaW1pcal86XBpeWpYKXrpaqpYKWspfOluKlgpeqlw6XXpeulraXjpemlr6W/qWDI64hAyOvRp6G+t7SJ0zU2baG/ODgxOTAgMS0xMCBSZWQgy67T8aXWpe2pYKXJ,yfq12Le0idOk6iCl16XqpfOlyLv5sb6x+qGjob63tInTNTZtob84ODE5MCAxLTEwIFJlZCDLrtPxpdal7algpck=[rn]
37-44884,aHR0cDovL3RzaG9wLnIxMHMuanAvc29tZW5kby9jYWJpbmV0L2ZhYnJpY3Nyb2xsLzIwOTAwMzQzNjAwMDEuanBnP2ZpdGluPTcwMDo3MDA=,MjAzMjAuMDAwMA==,,,ob63tInTNTZtob84ODE5MCAxLTEyIE5hdnkgy67T8aXWpe2pYKXJ,yfq12Le0idOk6iCl16XqpfOlyLv5sb6x+g==,PGltZyBzcmM9Imh0dHA6Ly9pbWFnZS5yYWt1dGVuLmNvLmpwL3NvbWVuZG8vY2FiaW5ldC9ydWxlci5naWYiIHdpZHRoPSI0MDAiIGhlaWdodD0iNDAiIGJvcmRlcj0iMCI+ve2jujExMmNtPEJSPgrL2LLEo7q+ZDEwMCU8QlI+Cr+XvU2/l6O6MjA1sb6l1qXtqWClyTxCUj48QlI+PGltZyBzcmM9Imh0dHBzOi8vaW1hZ2UucmFrdXRlbi5jby5qcC9zb21lbmRvL2NhYmluZXQvZGVsaXZlcnlzZy5naWYiIHdpZHRoPSI0MDAiIGhlaWdodD0iNDAwIiBib3JkZXI9IjAiPjxCUj4=,ob63tInTNTZtob84ODE5MCAxLTEyIE5hdnkgy67T8aXWpe2pYKXJo7ql0KXppailxqWjpc+lpqW5,VmFyaWV0eSBIb3VzZaXQpemlqKXGpaOlz6WmpbnJ+rXYsryly6XDpcil1aWhpdal6qXDpa+lubrNsfqlz6XvpaSloqXzpa2l66XIpbmlyKXspcOlwaW1pcal86XBpeWpYKXrpaqpYKWspfOluKlgpeqlw6XXpeulraXjpemlr6W/qWDI64hAyOvRp6G+t7SJ0zU2baG/ODgxOTAgMS0xMiBOYXZ5IMuu0/Gl1qXtqWClyQ==,yfq12Le0idOk6iCl16XqpfOlyLv5sb6x+qGjob63tInTNTZtob84ODE5MCAxLTEyIE5hdnkgy67T8aXWpe2pYKXJ[rn]
37-44885,aHR0cDovL3RzaG9wLnIxMHMuanAvc29tZW5kby9jYWJpbmV0L2ZhYnJpY3Nyb2xsLzIwOTAwMzQzNzAwMDAuanBnP2ZpdGluPTcwMDo3MDA=,MjAzMjAuMDAwMA==,,,ob63tInTNTZtob84ODE5MCAxLTEzIEJsYWNrIMuu0/Gl1qXtqWClyQ==,yfq12Le0idOk6iCl16XqpfOlyLv5sb6x+g==,PGltZyBzcmM9Imh0dHA6Ly9pbWFnZS5yYWt1dGVuLmNvLmpwL3NvbWVuZG8vY2FiaW5ldC9ydWxlci5naWYiIHdpZHRoPSI0MDAiIGhlaWdodD0iNDAiIGJvcmRlcj0iMCI+ve2jujExMmNtPEJSPgrL2LLEo7q+ZDEwMCU8QlI+Cr+XvU2/l6O6MjA1sb6l1qXtqWClyTxCUj48QlI+PGltZyBzcmM9Imh0dHBzOi8vaW1hZ2UucmFrdXRlbi5jby5qcC9zb21lbmRvL2NhYmluZXQvZGVsaXZlcnlzZy5naWYiIHdpZHRoPSI0MDAiIGhlaWdodD0iNDAwIiBib3JkZXI9IjAiPjxCUj4=,ob63tInTNTZtob84ODE5MCAxLTEzIEJsYWNrIMuu0/Gl1qXtqWClyaO6pdCl6aWopcalo6XPpaaluQ==,VmFyaWV0eSBIb3VzZaXQpemlqKXGpaOlz6WmpbnJ+rXYsryly6XDpcil1aWhpdal6qXDpa+lubrNsfqlz6XvpaSloqXzpa2l66XIpbmlyKXspcOlwaW1pcal86XBpeWpYKXrpaqpYKWspfOluKlgpeqlw6XXpeulraXjpemlr6W/qWDI64hAyOvRp6G+t7SJ0zU2baG/ODgxOTAgMS0xMyBCbGFjayDLrtPxpdal7algpck=,yfq12Le0idOk6iCl16XqpfOlyLv5sb6x+qGjob63tInTNTZtob84ODE5MCAxLTEzIEJsYWNrIMuu0/Gl1qXtqWClyQ==[rn]
37-44886,aHR0cDovL3RzaG9wLnIxMHMuanAvc29tZW5kby9jYWJpbmV0L2ZhYnJpY3Nyb2xsLzIwOTAwMzQzODAwMDkuanBnP2ZpdGluPTcwMDo3MDA=,MjAzMjAuMDAwMA==,,,ob63tInTNTZtob84ODE5MCAxLTMyIFBpbmsgy67T8aXWpe2pYKXJ,yfq12Le0idOk6iCl16XqpfOlyLv5sb6x+g==,PGltZyBzcmM9Imh0dHA6Ly9pbWFnZS5yYWt1dGVuLmNvLmpwL3NvbWVuZG8vY2FiaW5ldC9ydWxlci5naWYiIHdpZHRoPSI0MDAiIGhlaWdodD0iNDAiIGJvcmRlcj0iMCI+ve2jujExMmNtPEJSPgrL2LLEo7q+ZDEwMCU8QlI+Cr+XvU2/l6O6MjA1sb6l1qXtqWClyTxCUj48QlI+PGltZyBzcmM9Imh0dHBzOi8vaW1hZ2UucmFrdXRlbi5jby5qcC9zb21lbmRvL2NhYmluZXQvZGVsaXZlcnlzZy5naWYiIHdpZHRoPSI0MDAiIGhlaWdodD0iNDAwIiBib3JkZXI9IjAiPjxCUj4=,ob63tInTNTZtob84ODE5MCAxLTMyIFBpbmsgy67T8aXWpe2pYKXJo7ql0KXppailxqWjpc+lpqW5,VmFyaWV0eSBIb3VzZaXQpemlqKXGpaOlz6WmpbnJ+rXYsryly6XDpcil1aWhpdal6qXDpa+lubrNsfqlz6XvpaSloqXzpa2l66XIpbmlyKXspcOlwaW1pcal86XBpeWpYKXrpaqpYKWspfOluKlgpeqlw6XXpeulraXjpemlr6W/qWDI64hAyOvRp6G+t7SJ0zU2baG/ODgxOTAgMS0zMiBQaW5rIMuu0/Gl1qXtqWClyQ==,yfq12Le0idOk6iCl16XqpfOlyLv5sb6x+qGjob63tInTNTZtob84ODE5MCAxLTMyIFBpbmsgy67T8aXWpe2pYKXJ[rn]
37-44887,aHR0cDovL3RzaG9wLnIxMHMuanAvc29tZW5kby9jYWJpbmV0L2ZhYnJpY3Nyb2xsLzIwOTAwMzQzOTAwMDguanBnP2ZpdGluPTcwMDo3MDA=,MjAzMjAuMDAwMA==,,,ob63tInTNTZtob84ODE5MCAxLTMzIEx0LkJsdWUgy67T8aXWpe2pYKXJ,yfq12Le0idOk6iCl16XqpfOlyLv5sb6x+g==,PGltZyBzcmM9Imh0dHA6Ly9pbWFnZS5yYWt1dGVuLmNvLmpwL3NvbWVuZG8vY2FiaW5ldC9ydWxlci5naWYiIHdpZHRoPSI0MDAiIGhlaWdodD0iNDAiIGJvcmRlcj0iMCI+ve2jujExMmNtPEJSPgrL2LLEo7q+ZDEwMCU8QlI+Cr+XvU2/l6O6MjA1sb6l1qXtqWClyTxCUj48QlI+PGltZyBzcmM9Imh0dHBzOi8vaW1hZ2UucmFrdXRlbi5jby5qcC9zb21lbmRvL2NhYmluZXQvZGVsaXZlcnlzZy5naWYiIHdpZHRoPSI0MDAiIGhlaWdodD0iNDAwIiBib3JkZXI9IjAiPjxCUj4=,ob63tInTNTZtob84ODE5MCAxLTMzIEx0LkJsdWUgy67T8aXWpe2pYKXJo7ql0KXppailxqWjpc+lpqW5,VmFyaWV0eSBIb3VzZaXQpemlqKXGpaOlz6WmpbnJ+rXYsryly6XDpcil1aWhpdal6qXDpa+lubrNsfqlz6XvpaSloqXzpa2l66XIpbmlyKXspcOlwaW1pcal86XBpeWpYKXrpaqpYKWspfOluKlgpeqlw6XXpeulraXjpemlr6W/qWDI64hAyOvRp6G+t7SJ0zU2baG/ODgxOTAgMS0zMyBMdC5CbHVlIMuu0/Gl1qXtqWClyQ==,yfq12Le0idOk6iCl16XqpfOlyLv5sb6x+qGjob63tInTNTZtob84ODE5MCAxLTMzIEx0LkJsdWUgy67T8aXWpe2pYKXJ[rn]
37-44888,aHR0cDovL3RzaG9wLnIxMHMuanAvc29tZW5kby9jYWJpbmV0L2ZhYnJpY3Nyb2xsLzIwOTAwMzQ0MDAwMDQuanBnP2ZpdGluPTcwMDo3MDA=,MjAzMjAuMDAwMA==,,,ob63tInTNTZtob84ODE5MCAyLTAxILDXtdihwbPgIMuu0/Gl1qXtqWClyQ==,yfq12Le0idOk6iCl16XqpfOlyLv5sb6x+g==,PGltZyBzcmM9Imh0dHA6Ly9pbWFnZS5yYWt1dGVuLmNvLmpwL3NvbWVuZG8vY2FiaW5ldC9ydWxlci5naWYiIHdpZHRoPSI0MDAiIGhlaWdodD0iNDAiIGJvcmRlcj0iMCI+ve2jujExMmNtPEJSPgrL2LLEo7q+ZDEwMCU8QlI+Cr+XvU2/l6O6MjA1sb6l1qXtqWClyTxCUj7LrtPxpbWlpKW6vHMwLjJjbTxCUj48QlI+PGltZyBzcmM9Imh0dHBzOi8vaW1hZ2UucmFrdXRlbi5jby5qcC9zb21lbmRvL2NhYmluZXQvZGVsaXZlcnlzZy5naWYiIHdpZHRoPSI0MDAiIGhlaWdodD0iNDAwIiBib3JkZXI9IjAiPjxCUj4=,ob63tInTNTZtob84ODE5MCAyLTAxILDXtdgmdGltZXM7s+Agy67T8aXWpe2pYKXJo7ql0KXppailxqWjpc+lpqW5,VmFyaWV0eSBIb3VzZaXQpemlqKXGpaOlz6WmpbnJ+rXYsryly6XDpcil1aWhpdal6qXDpa+lubrNsfqlz6XvpaSloqXzpa2l66XIpbmlyKXspcOlwaW1pcal86XBpeWpYKXrpaqpYKWspfOluKlgpeqlw6XXpeulraXjpemlr6W/qWDI64hAyOvRp6G+t7SJ0zU2baG/ODgxOTAgMi0wMSCw17XYJnRpbWVzO7PgIMuu0/Gl1qXtqWClyQ==,yfq12Le0idOk6iCl16XqpfOlyLv5sb6x+qGjob63tInTNTZtob84ODE5MCAyLTAxILDXtdgmdGltZXM7s+Agy67T8aXWpe2pYKXJ[rn]
37-44889,aHR0cDovL3RzaG9wLnIxMHMuanAvc29tZW5kby9jYWJpbmV0L2ZhYnJpY3Nyb2xsLzIwOTAwMzQ0MTAwMDMuanBnP2ZpdGluPTcwMDo3MDA=,MjAzMjAuMDAwMA==,,,ob63tInTNTZtob84ODE5MCAyLTAzILDXtdihwfxcIMuu0/Gl1qXtqWClyQ==,yfq12Le0idOk6iCl16XqpfOlyLv5sb6x+g==,PGltZyBzcmM9Imh0dHA6Ly9pbWFnZS5yYWt1dGVuLmNvLmpwL3NvbWVuZG8vY2FiaW5ldC9ydWxlci5naWYiIHdpZHRoPSI0MDAiIGhlaWdodD0iNDAiIGJvcmRlcj0iMCI+ve2jujExMmNtPEJSPgrL2LLEo7q+ZDEwMCU8QlI+Cr+XvU2/l6O6MjA1sb6l1qXtqWClyTxCUj7LrtPxpbWlpKW6vHMwLjJjbTxCUj48QlI+PGltZyBzcmM9Imh0dHBzOi8vaW1hZ2UucmFrdXRlbi5jby5qcC9zb21lbmRvL2NhYmluZXQvZGVsaXZlcnlzZy5naWYiIHdpZHRoPSI0MDAiIGhlaWdodD0iNDAwIiBib3JkZXI9IjAiPjxCUj4=,ob63tInTNTZtob84ODE5MCAyLTAzILDXtdgmdGltZXM7/Fwgy67T8aXWpe2pYKXJo7ql0KXppailxqWjpc+lpqW5,VmFyaWV0eSBIb3VzZaXQpemlqKXGpaOlz6WmpbnJ+rXYsryly6XDpcil1aWhpdal6qXDpa+lubrNsfqlz6XvpaSloqXzpa2l66XIpbmlyKXspcOlwaW1pcal86XBpeWpYKXrpaqpYKWspfOluKlgpeqlw6XXpeulraXjpemlr6W/qWDI64hAyOvRp6G+t7SJ0zU2baG/ODgxOTAgMi0wMyCw17XYJnRpbWVzO/xcIMuu0/Gl1qXtqWClyQ==,yfq12Le0idOk6iCl16XqpfOlyLv5sb6x+qGjob63tInTNTZtob84ODE5MCAyLTAzILDXtdgmdGltZXM7/Fwgy67T8aXWpe2pYKXJ[rn]
37-44890,aHR0cDovL3RzaG9wLnIxMHMuanAvc29tZW5kby9jYWJpbmV0L2ZhYnJpY3Nyb2xsLzIwOTAwMzQ0MjAwMDIuanBnP2ZpdGluPTcwMDo3MDA=,MjAzMjAuMDAwMA==,,,ob63tInTNTZtob84ODE5MCAyLTEwILPgtdihwbDXIMuu0/Gl1qXtqWClyQ==,yfq12Le0idOk6iCl16XqpfOlyLv5sb6x+g==,PGltZyBzcmM9Imh0dHA6Ly9pbWFnZS5yYWt1dGVuLmNvLmpwL3NvbWVuZG8vY2FiaW5ldC9ydWxlci5naWYiIHdpZHRoPSI0MDAiIGhlaWdodD0iNDAiIGJvcmRlcj0iMCI+ve2jujExMmNtPEJSPgrL2LLEo7q+ZDEwMCU8QlI+Cr+XvU2/l6O6MjA1sb6l1qXtqWClyTxCUj7LrtPxpbWlpKW6vHMwLjJjbTxCUj48QlI+PGltZyBzcmM9Imh0dHBzOi8vaW1hZ2UucmFrdXRlbi5jby5qcC9zb21lbmRvL2NhYmluZXQvZGVsaXZlcnlzZy5naWYiIHdpZHRoPSI0MDAiIGhlaWdodD0iNDAwIiBib3JkZXI9IjAiPjxCUj4=,ob63tInTNTZtob84ODE5MCAyLTEwILPgtdgmdGltZXM7sNcgy67T8aXWpe2pYKXJo7ql0KXppailxqWjpc+lpqW5,VmFyaWV0eSBIb3VzZaXQpemlqKXGpaOlz6WmpbnJ+rXYsryly6XDpcil1aWhpdal6qXDpa+lubrNsfqlz6XvpaSloqXzpa2l66XIpbmlyKXspcOlwaW1pcal86XBpeWpYKXrpaqpYKWspfOluKlgpeqlw6XXpeulraXjpemlr6W/qWDI64hAyOvRp6G+t7SJ0zU2baG/ODgxOTAgMi0xMCCz4LXYJnRpbWVzO7DXIMuu0/Gl1qXtqWClyQ==,yfq12Le0idOk6iCl16XqpfOlyLv5sb6x+qGjob63tInTNTZtob84ODE5MCAyLTEwILPgtdgmdGltZXM7sNcgy67T8aXWpe2pYKXJ[rn]
37-44891,aHR0cDovL3RzaG9wLnIxMHMuanAvc29tZW5kby9jYWJpbmV0L2ZhYnJpY3Nyb2xsLzIwOTAwMzQ0MzAwMDEuanBnP2ZpdGluPTcwMDo3MDA=,MjAzMjAuMDAwMA==,,,ob63tInTNTZtob84ODE5MCAyLTMzIEx0LkJsdWUgy67T8aXWpe2pYKXJ,yfq12Le0idOk6iCl16XqpfOlyLv5sb6x+g==,PGltZyBzcmM9Imh0dHA6Ly9pbWFnZS5yYWt1dGVuLmNvLmpwL3NvbWVuZG8vY2FiaW5ldC9ydWxlci5naWYiIHdpZHRoPSI0MDAiIGhlaWdodD0iNDAiIGJvcmRlcj0iMCI+ve2jujExMmNtPEJSPgrL2LLEo7q+ZDEwMCU8QlI+Cr+XvU2/l6O6MjA1sb6l1qXtqWClyTxCUj7LrtPxpbWlpKW6vHMwLjJjbTxCUj48QlI+PGltZyBzcmM9Imh0dHBzOi8vaW1hZ2UucmFrdXRlbi5jby5qcC9zb21lbmRvL2NhYmluZXQvZGVsaXZlcnlzZy5naWYiIHdpZHRoPSI0MDAiIGhlaWdodD0iNDAwIiBib3JkZXI9IjAiPjxCUj4=,ob63tInTNTZtob84ODE5MCAyLTMzIEx0LkJsdWUgy67T8aXWpe2pYKXJo7ql0KXppailxqWjpc+lpqW5,VmFyaWV0eSBIb3VzZaXQpemlqKXGpaOlz6WmpbnJ+rXYsryly6XDpcil1aWhpdal6qXDpa+lubrNsfqlz6XvpaSloqXzpa2l66XIpbmlyKXspcOlwaW1pcal86XBpeWpYKXrpaqpYKWspfOluKlgpeqlw6XXpeulraXjpemlr6W/qWDI64hAyOvRp6G+t7SJ0zU2baG/ODgxOTAgMi0zMyBMdC5CbHVlIMuu0/Gl1qXtqWClyQ==,yfq12Le0idOk6iCl16XqpfOlyLv5sb6x+qGjob63tInTNTZtob84ODE5MCAyLTMzIEx0LkJsdWUgy67T8aXWpe2pYKXJ[rn]
37-44892,aHR0cDovL3RzaG9wLnIxMHMuanAvc29tZW5kby9jYWJpbmV0L2ZhYnJpY3Nyb2xsLzIwOTAwMzQ0NDAwMDAuanBnP2ZpdGluPTcwMDo3MDA=,MjAzMjAuMDAwMA==,,,ob63tInTNTZtob84ODE5MCAzLTEwILPgtdihwbDXIMuu0/Gl1qXtqWClyQ==,yfq12Le0idOk6iCl16XqpfOlyLv5sb6x+g==,PGltZyBzcmM9Imh0dHA6Ly9pbWFnZS5yYWt1dGVuLmNvLmpwL3NvbWVuZG8vY2FiaW5ldC9ydWxlci5naWYiIHdpZHRoPSI0MDAiIGhlaWdodD0iNDAiIGJvcmRlcj0iMCI+ve2jujExMmNtPEJSPgrL2LLEo7q+ZDEwMCU8QlI+Cr+XvU2/l6O6MjA1sb6l1qXtqWClyTxCUj7LrtPxpbWlpKW61rG+trxzMi4yY208QlI+PEJSPjxpbWcgc3JjPSJodHRwczovL2ltYWdlLnJha3V0ZW4uY28uanAvc29tZW5kby9jYWJpbmV0L2RlbGl2ZXJ5c2cuZ2lmIiB3aWR0aD0iNDAwIiBoZWlnaHQ9IjQwMCIgYm9yZGVyPSIwIj48QlI+,ob63tInTNTZtob84ODE5MCAzLTEwILPgtdgmdGltZXM7sNcgy67T8aXWpe2pYKXJo7ql0KXppailxqWjpc+lpqW5,VmFyaWV0eSBIb3VzZaXQpemlqKXGpaOlz6WmpbnJ+rXYsryly6XDpcil1aWhpdal6qXDpa+lubrNsfqlz6XvpaSloqXzpa2l66XIpbmlyKXspcOlwaW1pcal86XBpeWpYKXrpaqpYKWspfOluKlgpeqlw6XXpeulraXjpemlr6W/qWDI64hAyOvRp6G+t7SJ0zU2baG/ODgxOTAgMy0xMCCz4LXYJnRpbWVzO7DXIMuu0/Gl1qXtqWClyQ==,yfq12Le0idOk6iCl16XqpfOlyLv5sb6x+qGjob63tInTNTZtob84ODE5MCAzLTEwILPgtdgmdGltZXM7sNcgy67T8aXWpe2pYKXJ[rn]
37-44893,aHR0cDovL3RzaG9wLnIxMHMuanAvc29tZW5kby9jYWJpbmV0L2ZhYnJpY3Nyb2xsLzIwOTAwMzQ0NTAwMDkuanBnP2ZpdGluPTcwMDo3MDA=,MjAzMjAuMDAwMA==,,,ob63tInTNTZtob84ODE5MCAzLTEzIPxctdihwbDXIMuu0/Gl1qXtqWClyQ==,yfq12Le0idOk6iCl16XqpfOlyLv5sb6x+g==,PGltZyBzcmM9Imh0dHA6Ly9pbWFnZS5yYWt1dGVuLmNvLmpwL3NvbWVuZG8vY2FiaW5ldC9ydWxlci5naWYiIHdpZHRoPSI0MDAiIGhlaWdodD0iNDAiIGJvcmRlcj0iMCI+ve2jujExMmNtPEJSPgrL2LLEo7q+ZDEwMCU8QlI+Cr+XvU2/l6O6MjA1sb6l1qXtqWClyTxCUj7LrtPxpbWlpKW61rG+trxzMi4yY208QlI+PEJSPjxpbWcgc3JjPSJodHRwczovL2ltYWdlLnJha3V0ZW4uY28uanAvc29tZW5kby9jYWJpbmV0L2RlbGl2ZXJ5c2cuZ2lmIiB3aWR0aD0iNDAwIiBoZWlnaHQ9IjQwMCIgYm9yZGVyPSIwIj48QlI+,ob63tInTNTZtob84ODE5MCAzLTEzIPxctdgmdGltZXM7sNcgy67T8aXWpe2pYKXJo7ql0KXppailxqWjpc+lpqW5,VmFyaWV0eSBIb3VzZaXQpemlqKXGpaOlz6WmpbnJ+rXYsryly6XDpcil1aWhpdal6qXDpa+lubrNsfqlz6XvpaSloqXzpa2l66XIpbmlyKXspcOlwaW1pcal86XBpeWpYKXrpaqpYKWspfOluKlgpeqlw6XXpeulraXjpemlr6W/qWDI64hAyOvRp6G+t7SJ0zU2baG/ODgxOTAgMy0xMyD8XLXYJnRpbWVzO7DXIMuu0/Gl1qXtqWClyQ==,yfq12Le0idOk6iCl16XqpfOlyLv5sb6x+qGjob63tInTNTZtob84ODE5MCAzLTEzIPxctdgmdGltZXM7sNcgy67T8aXWpe2pYKXJ[rn]
37-44894,aHR0cDovL3RzaG9wLnIxMHMuanAvc29tZW5kby9jYWJpbmV0L2ZhYnJpY3Nyb2xsLzIwOTAwMzQ0NjAwMDguanBnP2ZpdGluPTcwMDo3MDA=,MjAzMjAuMDAwMA==,,,ob63tInTNTZtob84ODE5MCA3LTEwILPgtdihwbDXIMuu0/Gl1qXtqWClyQ==,yfq12Le0idOk6iCl16XqpfOlyLv5sb6x+g==,PGltZyBzcmM9Imh0dHA6Ly9pbWFnZS5yYWt1dGVuLmNvLmpwL3NvbWVuZG8vY2FiaW5ldC9ydWxlci5naWYiIHdpZHRoPSI0MDAiIGhlaWdodD0iNDAiIGJvcmRlcj0iMCI+ve2jujExMmNtPEJSPgrL2LLEo7q+ZDEwMCU8QlI+Cr+XvU2/l6O6MjA1sb6l1qXtqWClyTxCUj7LrtPxpbWlpKW6vHMwLjdjbTxCUj48QlI+PGltZyBzcmM9Imh0dHBzOi8vaW1hZ2UucmFrdXRlbi5jby5qcC9zb21lbmRvL2NhYmluZXQvZGVsaXZlcnlzZy5naWYiIHdpZHRoPSI0MDAiIGhlaWdodD0iNDAwIiBib3JkZXI9IjAiPjxCUj4=,ob63tInTNTZtob84ODE5MCA3LTEwILPgtdgmdGltZXM7sNcgy67T8aXWpe2pYKXJo7ql0KXppailxqWjpc+lpqW5,VmFyaWV0eSBIb3VzZaXQpemlqKXGpaOlz6WmpbnJ+rXYsryly6XDpcil1aWhpdal6qXDpa+lubrNsfqlz6XvpaSloqXzpa2l66XIpbmlyKXspcOlwaW1pcal86XBpeWpYKXrpaqpYKWspfOluKlgpeqlw6XXpeulraXjpemlr6W/qWDI64hAyOvRp6G+t7SJ0zU2baG/ODgxOTAgNy0xMCCz4LXYJnRpbWVzO7DXIMuu0/Gl1qXtqWClyQ==,yfq12Le0idOk6iCl16XqpfOlyLv5sb6x+qGjob63tInTNTZtob84ODE5MCA3LTEwILPgtdgmdGltZXM7sNcgy67T8aXWpe2pYKXJ[rn]
37-44895,aHR0cDovL3RzaG9wLnIxMHMuanAvc29tZW5kby9jYWJpbmV0L2xpbm5pbmdyb2xsLzUyMDAwMDA0NzAwMDAuanBnP2ZpdGluPTcwMDo3MDA=,MTA2NDAuMDAwMA==,,,ob63tInTNTBtob80MDUwIDIwNyCl3aXqpailuaXGpevRWbXY,yfq12Le0idOk6iCl3aXqpailuaXGpevRWbXY,PGltZyBzcmM9Imh0dHA6Ly9pbWFnZS5yYWt1dGVuLmNvLmpwL3NvbWVuZG8vY2FiaW5ldC9ydWxlci5naWYiIHdpZHRoPSI0MDAiIGhlaWdodD0iNDAiIGJvcmRlcj0iMCI+ve2jujEyMmNtPEJSPgrL2LLEo7ql3aXqpailuaXGpesxMDAlPEJSPqXdpeqlqKW5pcal69FZtdg8QlI+PEJSPjxpbWcgc3JjPSJodHRwczovL2ltYWdlLnJha3V0ZW4uY28uanAvc29tZW5kby9jYWJpbmV0L2RlbGl2ZXJ5c2cuZ2lmIiB3aWR0aD0iNDAwIiBoZWlnaHQ9IjQwMCIgYm9yZGVyPSIwIj48QlI+,ob63tInTNTBtob80MDUwIDIwNyCl3aXqpailuaXGpevRWbXYo7ql0KXppailxqWjpc+lpqW5,VmFyaWV0eSBIb3VzZaXQpemlqKXGpaOlz6WmpbnJ+rXYsryly6XDpcil1aWhpdal6qXDpa+lubrNsfqlz6XvpaSloqXzpa2l66XIpbmlyKXspcOlwaW1pcal86XBpeWpYKXrpaqpYKWspfOluKlgpeqlw6XXpeulraXjpemlr6W/qWDI64hAyOvRp6G+t7SJ0zUwbaG/NDA1MCAyMDcgpd2l6qWopbmlxqXr0Vm12A==,yfq12Le0idOk6iCl3aXqpailuaXGpevRWbXYoaOhvre0idM1MG2hvzQwNTAgMjA3IKXdpeqlqKW5pcal69FZtdg=[rn]
37-44896,aHR0cDovL3RzaG9wLnIxMHMuanAvc29tZW5kby9jYWJpbmV0L2xpbm5pbmdyb2xsLzUyMDAwMDA0ODAwMDkuanBnP2ZpdGluPTcwMDo3MDA=,MTA2NDAuMDAwMA==,,,ob63tInTNTBtob80MDUwIDIxMSCl3aXqpailuaXGpevRWbXY,yfq12Le0idOk6iCl3aXqpailuaXGpevRWbXY,PGltZyBzcmM9Imh0dHA6Ly9pbWFnZS5yYWt1dGVuLmNvLmpwL3NvbWVuZG8vY2FiaW5ldC9ydWxlci5naWYiIHdpZHRoPSI0MDAiIGhlaWdodD0iNDAiIGJvcmRlcj0iMCI+ve2jujEyMmNtPEJSPgrL2LLEo7ql3aXqpailuaXGpesxMDAlPEJSPqXdpeqlqKW5pcal69FZtdg8QlI+PEJSPjxpbWcgc3JjPSJodHRwczovL2ltYWdlLnJha3V0ZW4uY28uanAvc29tZW5kby9jYWJpbmV0L2RlbGl2ZXJ5c2cuZ2lmIiB3aWR0aD0iNDAwIiBoZWlnaHQ9IjQwMCIgYm9yZGVyPSIwIj48QlI+,ob63tInTNTBtob80MDUwIDIxMSCl3aXqpailuaXGpevRWbXYo7ql0KXppailxqWjpc+lpqW5,VmFyaWV0eSBIb3VzZaXQpemlqKXGpaOlz6WmpbnJ+rXYsryly6XDpcil1aWhpdal6qXDpa+lubrNsfqlz6XvpaSloqXzpa2l66XIpbmlyKXspcOlwaW1pcal86XBpeWpYKXrpaqpYKWspfOluKlgpeqlw6XXpeulraXjpemlr6W/qWDI64hAyOvRp6G+t7SJ0zUwbaG/NDA1MCAyMTEgpd2l6qWopbmlxqXr0Vm12A==,yfq12Le0idOk6iCl3aXqpailuaXGpevRWbXYoaOhvre0idM1MG2hvzQwNTAgMjExIKXdpeqlqKW5pcal69FZtdg=[rn]
37-44897,aHR0cDovL3RzaG9wLnIxMHMuanAvc29tZW5kby9jYWJpbmV0L2xpbm5pbmdyb2xsLzUyMDAwMDA0OTAwMDguanBnP2ZpdGluPTcwMDo3MDA=,MTA2NDAuMDAwMA==,,,ob63tInTNTBtob80MDUwIDIxNSCl3aXqpailuaXGpevRWbXY,yfq12Le0idOk6iCl3aXqpailuaXGpevRWbXY,PGltZyBzcmM9Imh0dHA6Ly9pbWFnZS5yYWt1dGVuLmNvLmpwL3NvbWVuZG8vY2FiaW5ldC9ydWxlci5naWYiIHdpZHRoPSI0MDAiIGhlaWdodD0iNDAiIGJvcmRlcj0iMCI+ve2jujEyMmNtPEJSPgrL2LLEo7ql3aXqpailuaXGpesxMDAlPEJSPqXdpeqlqKW5pcal69FZtdg8QlI+PEJSPjxpbWcgc3JjPSJodHRwczovL2ltYWdlLnJha3V0ZW4uY28uanAvc29tZW5kby9jYWJpbmV0L2RlbGl2ZXJ5c2cuZ2lmIiB3aWR0aD0iNDAwIiBoZWlnaHQ9IjQwMCIgYm9yZGVyPSIwIj48QlI+,ob63tInTNTBtob80MDUwIDIxNSCl3aXqpailuaXGpevRWbXYo7ql0KXppailxqWjpc+lpqW5,VmFyaWV0eSBIb3VzZaXQpemlqKXGpaOlz6WmpbnJ+rXYsryly6XDpcil1aWhpdal6qXDpa+lubrNsfqlz6XvpaSloqXzpa2l66XIpbmlyKXspcOlwaW1pcal86XBpeWpYKXrpaqpYKWspfOluKlgpeqlw6XXpeulraXjpemlr6W/qWDI64hAyOvRp6G+t7SJ0zUwbaG/NDA1MCAyMTUgpd2l6qWopbmlxqXr0Vm12A==,yfq12Le0idOk6iCl3aXqpailuaXGpevRWbXYoaOhvre0idM1MG2hvzQwNTAgMjE1IKXdpeqlqKW5pcal69FZtdg=[rn]
37-44898,aHR0cDovL3RzaG9wLnIxMHMuanAvc29tZW5kby9jYWJpbmV0L2xpbm5pbmdyb2xsLzUyMDAwMDA1MDAwMDQuanBnP2ZpdGluPTcwMDo3MDA=,MTA2NDAuMDAwMA==,,,ob63tInTNTBtob80MDUwIDIxNyCl3aXqpailuaXGpevRWbXY,yfq12Le0idOk6iCl3aXqpailuaXGpevRWbXY,PGltZyBzcmM9Imh0dHA6Ly9pbWFnZS5yYWt1dGVuLmNvLmpwL3NvbWVuZG8vY2FiaW5ldC9ydWxlci5naWYiIHdpZHRoPSI0MDAiIGhlaWdodD0iNDAiIGJvcmRlcj0iMCI+ve2jujEyMmNtPEJSPgrL2LLEo7ql3aXqpailuaXGpesxMDAlPEJSPqXdpeqlqKW5pcal69FZtdg8QlI+PEJSPjxpbWcgc3JjPSJodHRwczovL2ltYWdlLnJha3V0ZW4uY28uanAvc29tZW5kby9jYWJpbmV0L2RlbGl2ZXJ5c2cuZ2lmIiB3aWR0aD0iNDAwIiBoZWlnaHQ9IjQwMCIgYm9yZGVyPSIwIj48QlI+,ob63tInTNTBtob80MDUwIDIxNyCl3aXqpailuaXGpevRWbXYo7ql0KXppailxqWjpc+lpqW5,VmFyaWV0eSBIb3VzZaXQpemlqKXGpaOlz6WmpbnJ+rXYsryly6XDpcil1aWhpdal6qXDpa+lubrNsfqlz6XvpaSloqXzpa2l66XIpbmlyKXspcOlwaW1pcal86XBpeWpYKXrpaqpYKWspfOluKlgpeqlw6XXpeulraXjpemlr6W/qWDI64hAyOvRp6G+t7SJ0zUwbaG/NDA1MCAyMTcgpd2l6qWopbmlxqXr0Vm12A==,yfq12Le0idOk6iCl3aXqpailuaXGpevRWbXYoaOhvre0idM1MG2hvzQwNTAgMjE3IKXdpeqlqKW5pcal69FZtdg=[rn]
37-44899,aHR0cDovL3RzaG9wLnIxMHMuanAvc29tZW5kby9jYWJpbmV0L2xpbm5pbmdyb2xsLzUyMDAwMDA1MTAwMDMuanBnP2ZpdGluPTcwMDo3MDA=,MTA2NDAuMDAwMA==,,,ob63tInTNTBtob80MDUwIDIyNyCl3aXqpailuaXGpevRWbXY,yfq12Le0idOk6iCl3aXqpailuaXGpevRWbXY,PGltZyBzcmM9Imh0dHA6Ly9pbWFnZS5yYWt1dGVuLmNvLmpwL3NvbWVuZG8vY2FiaW5ldC9ydWxlci5naWYiIHdpZHRoPSI0MDAiIGhlaWdodD0iNDAiIGJvcmRlcj0iMCI+ve2jujEyMmNtPEJSPgrL2LLEo7ql3aXqpailuaXGpesxMDAlPEJSPqXdpeqlqKW5pcal69FZtdg8QlI+PEJSPjxpbWcgc3JjPSJodHRwczovL2ltYWdlLnJha3V0ZW4uY28uanAvc29tZW5kby9jYWJpbmV0L2RlbGl2ZXJ5c2cuZ2lmIiB3aWR0aD0iNDAwIiBoZWlnaHQ9IjQwMCIgYm9yZGVyPSIwIj48QlI+,ob63tInTNTBtob80MDUwIDIyNyCl3aXqpailuaXGpevRWbXYo7ql0KXppailxqWjpc+lpqW5,VmFyaWV0eSBIb3VzZaXQpemlqKXGpaOlz6WmpbnJ+rXYsryly6XDpcil1aWhpdal6qXDpa+lubrNsfqlz6XvpaSloqXzpa2l66XIpbmlyKXspcOlwaW1pcal86XBpeWpYKXrpaqpYKWspfOluKlgpeqlw6XXpeulraXjpemlr6W/qWDI64hAyOvRp6G+t7SJ0zUwbaG/NDA1MCAyMjcgpd2l6qWopbmlxqXr0Vm12A==,yfq12Le0idOk6iCl3aXqpailuaXGpevRWbXYoaOhvre0idM1MG2hvzQwNTAgMjI3IKXdpeqlqKW5pcal69FZtdg=[rn]
37-44900,aHR0cDovL3RzaG9wLnIxMHMuanAvc29tZW5kby9jYWJpbmV0L2xpbm5pbmdyb2xsLzUyMDAwMDA1MjAwMDIuanBnP2ZpdGluPTcwMDo3MDA=,MTA2NDAuMDAwMA==,,,ob63tInTNTBtob80MDUwIDIzNiCl3aXqpailuaXGpevRWbXY,yfq12Le0idOk6iCl3aXqpailuaXGpevRWbXY,PGltZyBzcmM9Imh0dHA6Ly9pbWFnZS5yYWt1dGVuLmNvLmpwL3NvbWVuZG8vY2FiaW5ldC9ydWxlci5naWYiIHdpZHRoPSI0MDAiIGhlaWdodD0iNDAiIGJvcmRlcj0iMCI+ve2jujEyMmNtPEJSPgrL2LLEo7ql3aXqpailuaXGpesxMDAlPEJSPqXdpeqlqKW5pcal69FZtdg8QlI+PEJSPjxpbWcgc3JjPSJodHRwczovL2ltYWdlLnJha3V0ZW4uY28uanAvc29tZW5kby9jYWJpbmV0L2RlbGl2ZXJ5c2cuZ2lmIiB3aWR0aD0iNDAwIiBoZWlnaHQ9IjQwMCIgYm9yZGVyPSIwIj48QlI+,ob63tInTNTBtob80MDUwIDIzNiCl3aXqpailuaXGpevRWbXYo7ql0KXppailxqWjpc+lpqW5,VmFyaWV0eSBIb3VzZaXQpemlqKXGpaOlz6WmpbnJ+rXYsryly6XDpcil1aWhpdal6qXDpa+lubrNsfqlz6XvpaSloqXzpa2l66XIpbmlyKXspcOlwaW1pcal86XBpeWpYKXrpaqpYKWspfOluKlgpeqlw6XXpeulraXjpemlr6W/qWDI64hAyOvRp6G+t7SJ0zUwbaG/NDA1MCAyMzYgpd2l6qWopbmlxqXr0Vm12A==,yfq12Le0idOk6iCl3aXqpailuaXGpevRWbXYoaOhvre0idM1MG2hvzQwNTAgMjM2IKXdpeqlqKW5pcal69FZtdg=[rn]
37-44901,aHR0cDovL3RzaG9wLnIxMHMuanAvc29tZW5kby9jYWJpbmV0L2xpbm5pbmdyb2xsLzUyMDAwMDA1MzAwMDEuanBnP2ZpdGluPTcwMDo3MDA=,MTA2NDAuMDAwMA==,,,ob63tInTNTBtob80MDUwIDIzNyCl3aXqpailuaXGpevRWbXY,yfq12Le0idOk6iCl3aXqpailuaXGpevRWbXY,PGltZyBzcmM9Imh0dHA6Ly9pbWFnZS5yYWt1dGVuLmNvLmpwL3NvbWVuZG8vY2FiaW5ldC9ydWxlci5naWYiIHdpZHRoPSI0MDAiIGhlaWdodD0iNDAiIGJvcmRlcj0iMCI+ve2jujEyMmNtPEJSPgrL2LLEo7ql3aXqpailuaXGpesxMDAlPEJSPqXdpeqlqKW5pcal69FZtdg8QlI+PEJSPjxpbWcgc3JjPSJodHRwczovL2ltYWdlLnJha3V0ZW4uY28uanAvc29tZW5kby9jYWJpbmV0L2RlbGl2ZXJ5c2cuZ2lmIiB3aWR0aD0iNDAwIiBoZWlnaHQ9IjQwMCIgYm9yZGVyPSIwIj48QlI+,ob63tInTNTBtob80MDUwIDIzNyCl3aXqpailuaXGpevRWbXYo7ql0KXppailxqWjpc+lpqW5,VmFyaWV0eSBIb3VzZaXQpemlqKXGpaOlz6WmpbnJ+rXYsryly6XDpcil1aWhpdal6qXDpa+lubrNsfqlz6XvpaSloqXzpa2l66XIpbmlyKXspcOlwaW1pcal86XBpeWpYKXrpaqpYKWspfOluKlgpeqlw6XXpeulraXjpemlr6W/qWDI64hAyOvRp6G+t7SJ0zUwbaG/NDA1MCAyMzcgpd2l6qWopbmlxqXr0Vm12A==,yfq12Le0idOk6iCl3aXqpailuaXGpevRWbXYoaOhvre0idM1MG2hvzQwNTAgMjM3IKXdpeqlqKW5pcal69FZtdg=[rn]
37-44902,aHR0cDovL3RzaG9wLnIxMHMuanAvc29tZW5kby9jYWJpbmV0L2xpbm5pbmdyb2xsLzUyMDAwMDA1NDAwMDAuanBnP2ZpdGluPTcwMDo3MDA=,MTA2NDAuMDAwMA==,,,ob63tInTNTBtob80MDUwIDI0MCCl3aXqpailuaXGpevRWbXY,yfq12Le0idOk6iCl3aXqpailuaXGpevRWbXY,PGltZyBzcmM9Imh0dHA6Ly9pbWFnZS5yYWt1dGVuLmNvLmpwL3NvbWVuZG8vY2FiaW5ldC9ydWxlci5naWYiIHdpZHRoPSI0MDAiIGhlaWdodD0iNDAiIGJvcmRlcj0iMCI+ve2jujEyMmNtPEJSPgrL2LLEo7ql3aXqpailuaXGpesxMDAlPEJSPqXdpeqlqKW5pcal69FZtdg8QlI+PEJSPjxpbWcgc3JjPSJodHRwczovL2ltYWdlLnJha3V0ZW4uY28uanAvc29tZW5kby9jYWJpbmV0L2RlbGl2ZXJ5c2cuZ2lmIiB3aWR0aD0iNDAwIiBoZWlnaHQ9IjQwMCIgYm9yZGVyPSIwIj48QlI+,ob63tInTNTBtob80MDUwIDI0MCCl3aXqpailuaXGpevRWbXYo7ql0KXppailxqWjpc+lpqW5,VmFyaWV0eSBIb3VzZaXQpemlqKXGpaOlz6WmpbnJ+rXYsryly6XDpcil1aWhpdal6qXDpa+lubrNsfqlz6XvpaSloqXzpa2l66XIpbmlyKXspcOlwaW1pcal86XBpeWpYKXrpaqpYKWspfOluKlgpeqlw6XXpeulraXjpemlr6W/qWDI64hAyOvRp6G+t7SJ0zUwbaG/NDA1MCAyNDAgpd2l6qWopbmlxqXr0Vm12A==,yfq12Le0idOk6iCl3aXqpailuaXGpevRWbXYoaOhvre0idM1MG2hvzQwNTAgMjQwIKXdpeqlqKW5pcal69FZtdg=[rn]
37-44903,aHR0cDovL3RzaG9wLnIxMHMuanAvc29tZW5kby9jYWJpbmV0L2xpbm5pbmdyb2xsLzUyMDAwMDA1NTAwMDkuanBnP2ZpdGluPTcwMDo3MDA=,MTA2NDAuMDAwMA==,,,ob63tInTNTBtob80MDUwIDMwNSCl3aXqpailuaXGpevRWbXY,yfq12Le0idOk6iCl3aXqpailuaXGpevRWbXY,PGltZyBzcmM9Imh0dHA6Ly9pbWFnZS5yYWt1dGVuLmNvLmpwL3NvbWVuZG8vY2FiaW5ldC9ydWxlci5naWYiIHdpZHRoPSI0MDAiIGhlaWdodD0iNDAiIGJvcmRlcj0iMCI+ve2jujEyMmNtPEJSPsvYssSjuqXdpeqlqKW5pcal6zEwMCU8QlI+pd2l6qWopbmlxqXr0Vm12DxCUj48QlI+PGltZyBzcmM9Imh0dHBzOi8vaW1hZ2UucmFrdXRlbi5jby5qcC9zb21lbmRvL2NhYmluZXQvZGVsaXZlcnlzZy5naWYiIHdpZHRoPSI0MDAiIGhlaWdodD0iNDAwIiBib3JkZXI9IjAiPjxCUj4=,ob63tInTNTBtob80MDUwIDMwNSCl3aXqpailuaXGpevRWbXYo7ql0KXppailxqWjpc+lpqW5,VmFyaWV0eSBIb3VzZaXQpemlqKXGpaOlz6WmpbnJ+rXYsryly6XDpcil1aWhpdal6qXDpa+lubrNsfqlz6XvpaSloqXzpa2l66XIpbmlyKXspcOlwaW1pcal86XBpeWpYKXrpaqpYKWspfOluKlgpeqlw6XXpeulraXjpemlr6W/qWDI64hAyOvRp6G+t7SJ0zUwbaG/NDA1MCAzMDUgpd2l6qWopbmlxqXr0Vm12A==,yfq12Le0idOk6iCl3aXqpailuaXGpevRWbXYoaOhvre0idM1MG2hvzQwNTAgMzA1IKXdpeqlqKW5pcal69FZtdg=[rn]
37-44904,aHR0cDovL3RzaG9wLnIxMHMuanAvc29tZW5kby9jYWJpbmV0L2xpbm5pbmdyb2xsLzUyMDAwMDA1NjAwMDguanBnP2ZpdGluPTcwMDo3MDA=,MTA2NDAuMDAwMA==,,,ob63tInTNTBtob80MDUwIDMwOSCl3aXqpailuaXGpevRWbXY,yfq12Le0idOk6iCl3aXqpailuaXGpevRWbXY,PGltZyBzcmM9Imh0dHA6Ly9pbWFnZS5yYWt1dGVuLmNvLmpwL3NvbWVuZG8vY2FiaW5ldC9ydWxlci5naWYiIHdpZHRoPSI0MDAiIGhlaWdodD0iNDAiIGJvcmRlcj0iMCI+ve2jujEyMmNtPEJSPgrL2LLEo7ql3aXqpailuaXGpesxMDAlPEJSPqXdpeqlqKW5pcal69FZtdg8QlI+PEJSPjxpbWcgc3JjPSJodHRwczovL2ltYWdlLnJha3V0ZW4uY28uanAvc29tZW5kby9jYWJpbmV0L2RlbGl2ZXJ5c2cuZ2lmIiB3aWR0aD0iNDAwIiBoZWlnaHQ9IjQwMCIgYm9yZGVyPSIwIj48QlI+,ob63tInTNTBtob80MDUwIDMwOSCl3aXqpailuaXGpevRWbXYo7ql0KXppailxqWjpc+lpqW5,VmFyaWV0eSBIb3VzZaXQpemlqKXGpaOlz6WmpbnJ+rXYsryly6XDpcil1aWhpdal6qXDpa+lubrNsfqlz6XvpaSloqXzpa2l66XIpbmlyKXspcOlwaW1pcal86XBpeWpYKXrpaqpYKWspfOluKlgpeqlw6XXpeulraXjpemlr6W/qWDI64hAyOvRp6G+t7SJ0zUwbaG/NDA1MCAzMDkgpd2l6qWopbmlxqXr0Vm12A==,yfq12Le0idOk6iCl3aXqpailuaXGpevRWbXYoaOhvre0idM1MG2hvzQwNTAgMzA5IKXdpeqlqKW5pcal69FZtdg=[rn]
37-44905,aHR0cDovL3RzaG9wLnIxMHMuanAvc29tZW5kby9jYWJpbmV0L2xpbm5pbmdyb2xsLzUyMDAwMDA1NzAwMDcuanBnP2ZpdGluPTcwMDo3MDA=,MTA2NDAuMDAwMA==,,,ob63tInTNTBtob80MDUwIDMxMyCl3aXqpailuaXGpevRWbXY,yfq12Le0idOk6iCl3aXqpailuaXGpevRWbXY,PGltZyBzcmM9Imh0dHA6Ly9pbWFnZS5yYWt1dGVuLmNvLmpwL3NvbWVuZG8vY2FiaW5ldC9ydWxlci5naWYiIHdpZHRoPSI0MDAiIGhlaWdodD0iNDAiIGJvcmRlcj0iMCI+ve2jujEyMmNtPEJSPgrL2LLEo7ql3aXqpailuaXGpesxMDAlPEJSPqXdpeqlqKW5pcal69FZtdg8QlI+PEJSPjxpbWcgc3JjPSJodHRwczovL2ltYWdlLnJha3V0ZW4uY28uanAvc29tZW5kby9jYWJpbmV0L2RlbGl2ZXJ5c2cuZ2lmIiB3aWR0aD0iNDAwIiBoZWlnaHQ9IjQwMCIgYm9yZGVyPSIwIj48QlI+,ob63tInTNTBtob80MDUwIDMxMyCl3aXqpailuaXGpevRWbXYo7ql0KXppailxqWjpc+lpqW5,VmFyaWV0eSBIb3VzZaXQpemlqKXGpaOlz6WmpbnJ+rXYsryly6XDpcil1aWhpdal6qXDpa+lubrNsfqlz6XvpaSloqXzpa2l66XIpbmlyKXspcOlwaW1pcal86XBpeWpYKXrpaqpYKWspfOluKlgpeqlw6XXpeulraXjpemlr6W/qWDI64hAyOvRp6G+t7SJ0zUwbaG/NDA1MCAzMTMgpd2l6qWopbmlxqXr0Vm12A==,yfq12Le0idOk6iCl3aXqpailuaXGpevRWbXYoaOhvre0idM1MG2hvzQwNTAgMzEzIKXdpeqlqKW5pcal69FZtdg=[rn]
37-44906,aHR0cDovL3RzaG9wLnIxMHMuanAvc29tZW5kby9jYWJpbmV0L2xpbm5pbmdyb2xsLzUyMDAwMDA1ODAwMDYuanBnP2ZpdGluPTcwMDo3MDA=,MTA2NDAuMDAwMA==,,,ob63tInTNTBtob80MDUwIDMxNSCl3aXqpailuaXGpevRWbXY,yfq12Le0idOk6iCl3aXqpailuaXGpevRWbXY,PGltZyBzcmM9Imh0dHA6Ly9pbWFnZS5yYWt1dGVuLmNvLmpwL3NvbWVuZG8vY2FiaW5ldC9ydWxlci5naWYiIHdpZHRoPSI0MDAiIGhlaWdodD0iNDAiIGJvcmRlcj0iMCI+ve2jujEyMmNtPEJSPgrL2LLEo7ql3aXqpailuaXGpesxMDAlPEJSPqXdpeqlqKW5pcal69FZtdg8QlI+PEJSPjxpbWcgc3JjPSJodHRwczovL2ltYWdlLnJha3V0ZW4uY28uanAvc29tZW5kby9jYWJpbmV0L2RlbGl2ZXJ5c2cuZ2lmIiB3aWR0aD0iNDAwIiBoZWlnaHQ9IjQwMCIgYm9yZGVyPSIwIj48QlI+,ob63tInTNTBtob80MDUwIDMxNSCl3aXqpailuaXGpevRWbXYo7ql0KXppailxqWjpc+lpqW5,VmFyaWV0eSBIb3VzZaXQpemlqKXGpaOlz6WmpbnJ+rXYsryly6XDpcil1aWhpdal6qXDpa+lubrNsfqlz6XvpaSloqXzpa2l66XIpbmlyKXspcOlwaW1pcal86XBpeWpYKXrpaqpYKWspfOluKlgpeqlw6XXpeulraXjpemlr6W/qWDI64hAyOvRp6G+t7SJ0zUwbaG/NDA1MCAzMTUgpd2l6qWopbmlxqXr0Vm12A==,yfq12Le0idOk6iCl3aXqpailuaXGpevRWbXYoaOhvre0idM1MG2hvzQwNTAgMzE1IKXdpeqlqKW5pcal69FZtdg=[rn]
37-44907,aHR0cDovL3RzaG9wLnIxMHMuanAvc29tZW5kby9jYWJpbmV0L2xpbm5pbmdyb2xsLzUyMDAwMDA1OTAwMDUuanBnP2ZpdGluPTcwMDo3MDA=,MTA2NDAuMDAwMA==,,,ob63tInTNTBtob80MDUwIDMzOCCl3aXqpailuaXGpevRWbXY,yfq12Le0idOk6iCl3aXqpailuaXGpevRWbXY,PGltZyBzcmM9Imh0dHA6Ly9pbWFnZS5yYWt1dGVuLmNvLmpwL3NvbWVuZG8vY2FiaW5ldC9ydWxlci5naWYiIHdpZHRoPSI0MDAiIGhlaWdodD0iNDAiIGJvcmRlcj0iMCI+ve2jujEyMmNtPEJSPgrL2LLEo7ql3aXqpailuaXGpesxMDAlPEJSPqXdpeqlqKW5pcal69FZtdg8QlI+PEJSPjxpbWcgc3JjPSJodHRwczovL2ltYWdlLnJha3V0ZW4uY28uanAvc29tZW5kby9jYWJpbmV0L2RlbGl2ZXJ5c2cuZ2lmIiB3aWR0aD0iNDAwIiBoZWlnaHQ9IjQwMCIgYm9yZGVyPSIwIj48QlI+,ob63tInTNTBtob80MDUwIDMzOCCl3aXqpailuaXGpevRWbXYo7ql0KXppailxqWjpc+lpqW5,VmFyaWV0eSBIb3VzZaXQpemlqKXGpaOlz6WmpbnJ+rXYsryly6XDpcil1aWhpdal6qXDpa+lubrNsfqlz6XvpaSloqXzpa2l66XIpbmlyKXspcOlwaW1pcal86XBpeWpYKXrpaqpYKWspfOluKlgpeqlw6XXpeulraXjpemlr6W/qWDI64hAyOvRp6G+t7SJ0zUwbaG/NDA1MCAzMzggpd2l6qWopbmlxqXr0Vm12A==,yfq12Le0idOk6iCl3aXqpailuaXGpevRWbXYoaOhvre0idM1MG2hvzQwNTAgMzM4IKXdpeqlqKW5pcal69FZtdg=[rn]
37-44908,aHR0cDovL3RzaG9wLnIxMHMuanAvc29tZW5kby9jYWJpbmV0L2xpbm5pbmdyb2xsLzUyMDAwMDA2MDAwMDEuanBnP2ZpdGluPTcwMDo3MDA=,MTA2NDAuMDAwMA==,,,ob63tInTNTBtob80MDUwIDM0MSCl3aXqpailuaXGpevRWbXY,yfq12Le0idOk6iCl3aXqpailuaXGpevRWbXY,PGltZyBzcmM9Imh0dHA6Ly9pbWFnZS5yYWt1dGVuLmNvLmpwL3NvbWVuZG8vY2FiaW5ldC9ydWxlci5naWYiIHdpZHRoPSI0MDAiIGhlaWdodD0iNDAiIGJvcmRlcj0iMCI+ve2jujEyMmNtPEJSPgrL2LLEo7ql3aXqpailuaXGpesxMDAlPEJSPqXdpeqlqKW5pcal69FZtdg8QlI+PEJSPjxpbWcgc3JjPSJodHRwczovL2ltYWdlLnJha3V0ZW4uY28uanAvc29tZW5kby9jYWJpbmV0L2RlbGl2ZXJ5c2cuZ2lmIiB3aWR0aD0iNDAwIiBoZWlnaHQ9IjQwMCIgYm9yZGVyPSIwIj48QlI+,ob63tInTNTBtob80MDUwIDM0MSCl3aXqpailuaXGpevRWbXYo7ql0KXppailxqWjpc+lpqW5,VmFyaWV0eSBIb3VzZaXQpemlqKXGpaOlz6WmpbnJ+rXYsryly6XDpcil1aWhpdal6qXDpa+lubrNsfqlz6XvpaSloqXzpa2l66XIpbmlyKXspcOlwaW1pcal86XBpeWpYKXrpaqpYKWspfOluKlgpeqlw6XXpeulraXjpemlr6W/qWDI64hAyOvRp6G+t7SJ0zUwbaG/NDA1MCAzNDEgpd2l6qWopbmlxqXr0Vm12A==,yfq12Le0idOk6iCl3aXqpailuaXGpevRWbXYoaOhvre0idM1MG2hvzQwNTAgMzQxIKXdpeqlqKW5pcal69FZtdg=[rn]
37-44909,aHR0cDovL3RzaG9wLnIxMHMuanAvc29tZW5kby9jYWJpbmV0L2xpbm5pbmdyb2xsLzUyMDAwMDA2MTAwMDAuanBnP2ZpdGluPTcwMDo3MDA=,MTA2NDAuMDAwMA==,,,ob63tInTNTBtob80MDUwIDM0MyCl3aXqpailuaXGpevRWbXY,yfq12Le0idOk6iCl3aXqpailuaXGpevRWbXY,PGltZyBzcmM9Imh0dHA6Ly9pbWFnZS5yYWt1dGVuLmNvLmpwL3NvbWVuZG8vY2FiaW5ldC9ydWxlci5naWYiIHdpZHRoPSI0MDAiIGhlaWdodD0iNDAiIGJvcmRlcj0iMCI+ve2jujEyMmNtPEJSPgrL2LLEo7ql3aXqpailuaXGpesxMDAlPEJSPqXdpeqlqKW5pcal69FZtdg8QlI+PEJSPjxpbWcgc3JjPSJodHRwczovL2ltYWdlLnJha3V0ZW4uY28uanAvc29tZW5kby9jYWJpbmV0L2RlbGl2ZXJ5c2cuZ2lmIiB3aWR0aD0iNDAwIiBoZWlnaHQ9IjQwMCIgYm9yZGVyPSIwIj48QlI+,ob63tInTNTBtob80MDUwIDM0MyCl3aXqpailuaXGpevRWbXYo7ql0KXppailxqWjpc+lpqW5,VmFyaWV0eSBIb3VzZaXQpemlqKXGpaOlz6WmpbnJ+rXYsryly6XDpcil1aWhpdal6qXDpa+lubrNsfqlz6XvpaSloqXzpa2l66XIpbmlyKXspcOlwaW1pcal86XBpeWpYKXrpaqpYKWspfOluKlgpeqlw6XXpeulraXjpemlr6W/qWDI64hAyOvRp6G+t7SJ0zUwbaG/NDA1MCAzNDMgpd2l6qWopbmlxqXr0Vm12A==,yfq12Le0idOk6iCl3aXqpailuaXGpevRWbXYoaOhvre0idM1MG2hvzQwNTAgMzQzIKXdpeqlqKW5pcal69FZtdg=[rn]
37-44910,aHR0cDovL3RzaG9wLnIxMHMuanAvc29tZW5kby9jYWJpbmV0L2xpbm5pbmdyb2xsLzUyMDAwMDA2MjAwMDkuanBnP2ZpdGluPTcwMDo3MDA=,MTA2NDAuMDAwMA==,,,ob63tInTNTBtob80MDUwIDM1NiCl3aXqpailuaXGpevRWbXY,yfq12Le0idOk6iCl3aXqpailuaXGpevRWbXY,PGltZyBzcmM9Imh0dHA6Ly9pbWFnZS5yYWt1dGVuLmNvLmpwL3NvbWVuZG8vY2FiaW5ldC9ydWxlci5naWYiIHdpZHRoPSI0MDAiIGhlaWdodD0iNDAiIGJvcmRlcj0iMCI+ve2jujEyMmNtPEJSPgrL2LLEo7ql3aXqpailuaXGpesxMDAlPEJSPqXdpeqlqKW5pcal69FZtdg8QlI+PEJSPjxpbWcgc3JjPSJodHRwczovL2ltYWdlLnJha3V0ZW4uY28uanAvc29tZW5kby9jYWJpbmV0L2RlbGl2ZXJ5c2cuZ2lmIiB3aWR0aD0iNDAwIiBoZWlnaHQ9IjQwMCIgYm9yZGVyPSIwIj48QlI+,ob63tInTNTBtob80MDUwIDM1NiCl3aXqpailuaXGpevRWbXYo7ql0KXppailxqWjpc+lpqW5,VmFyaWV0eSBIb3VzZaXQpemlqKXGpaOlz6WmpbnJ+rXYsryly6XDpcil1aWhpdal6qXDpa+lubrNsfqlz6XvpaSloqXzpa2l66XIpbmlyKXspcOlwaW1pcal86XBpeWpYKXrpaqpYKWspfOluKlgpeqlw6XXpeulraXjpemlr6W/qWDI64hAyOvRp6G+t7SJ0zUwbaG/NDA1MCAzNTYgpd2l6qWopbmlxqXr0Vm12A==,yfq12Le0idOk6iCl3aXqpailuaXGpevRWbXYoaOhvre0idM1MG2hvzQwNTAgMzU2IKXdpeqlqKW5pcal69FZtdg=[rn]
37-44911,aHR0cDovL3RzaG9wLnIxMHMuanAvc29tZW5kby9jYWJpbmV0L2xpbm5pbmdyb2xsLzUyMDAwMDA2MzAwMDguanBnP2ZpdGluPTcwMDo3MDA=,MTA2NDAuMDAwMA==,,,ob63tInTNTBtob80MDUwIDM1NyCl3aXqpailuaXGpevRWbXY,yfq12Le0idOk6iCl3aXqpailuaXGpevRWbXY,PGltZyBzcmM9Imh0dHA6Ly9pbWFnZS5yYWt1dGVuLmNvLmpwL3NvbWVuZG8vY2FiaW5ldC9ydWxlci5naWYiIHdpZHRoPSI0MDAiIGhlaWdodD0iNDAiIGJvcmRlcj0iMCI+ve2jujEyMmNtPEJSPgrL2LLEo7ql3aXqpailuaXGpesxMDAlPEJSPqXdpeqlqKW5pcal69FZtdg8QlI+PEJSPjxpbWcgc3JjPSJodHRwczovL2ltYWdlLnJha3V0ZW4uY28uanAvc29tZW5kby9jYWJpbmV0L2RlbGl2ZXJ5c2cuZ2lmIiB3aWR0aD0iNDAwIiBoZWlnaHQ9IjQwMCIgYm9yZGVyPSIwIj48QlI+,ob63tInTNTBtob80MDUwIDM1NyCl3aXqpailuaXGpevRWbXYo7ql0KXppailxqWjpc+lpqW5,VmFyaWV0eSBIb3VzZaXQpemlqKXGpaOlz6WmpbnJ+rXYsryly6XDpcil1aWhpdal6qXDpa+lubrNsfqlz6XvpaSloqXzpa2l66XIpbmlyKXspcOlwaW1pcal86XBpeWpYKXrpaqpYKWspfOluKlgpeqlw6XXpeulraXjpemlr6W/qWDI64hAyOvRp6G+t7SJ0zUwbaG/NDA1MCAzNTcgpd2l6qWopbmlxqXr0Vm12A==,yfq12Le0idOk6iCl3aXqpailuaXGpevRWbXYoaOhvre0idM1MG2hvzQwNTAgMzU3IKXdpeqlqKW5pcal69FZtdg=[rn]
37-44912,aHR0cDovL3RzaG9wLnIxMHMuanAvc29tZW5kby9jYWJpbmV0L2xpbm5pbmdyb2xsLzUyMDAwMDA2NDAwMDcuanBnP2ZpdGluPTcwMDo3MDA=,MTA2NDAuMDAwMA==,,,ob63tInTNTBtob80MDUwIDM2OCCl3aXqpailuaXGpevRWbXY,yfq12Le0idOk6iCl3aXqpailuaXGpevRWbXY,PGltZyBzcmM9Imh0dHA6Ly9pbWFnZS5yYWt1dGVuLmNvLmpwL3NvbWVuZG8vY2FiaW5ldC9ydWxlci5naWYiIHdpZHRoPSI0MDAiIGhlaWdodD0iNDAiIGJvcmRlcj0iMCI+ve2jujEyMmNtPEJSPgrL2LLEo7ql3aXqpailuaXGpesxMDAlPEJSPqXdpeqlqKW5pcal69FZtdg8QlI+PEJSPjxpbWcgc3JjPSJodHRwczovL2ltYWdlLnJha3V0ZW4uY28uanAvc29tZW5kby9jYWJpbmV0L2RlbGl2ZXJ5c2cuZ2lmIiB3aWR0aD0iNDAwIiBoZWlnaHQ9IjQwMCIgYm9yZGVyPSIwIj48QlI+,ob63tInTNTBtob80MDUwIDM2OCCl3aXqpailuaXGpevRWbXYo7ql0KXppailxqWjpc+lpqW5,VmFyaWV0eSBIb3VzZaXQpemlqKXGpaOlz6WmpbnJ+rXYsryly6XDpcil1aWhpdal6qXDpa+lubrNsfqlz6XvpaSloqXzpa2l66XIpbmlyKXspcOlwaW1pcal86XBpeWpYKXrpaqpYKWspfOluKlgpeqlw6XXpeulraXjpemlr6W/qWDI64hAyOvRp6G+t7SJ0zUwbaG/NDA1MCAzNjggpd2l6qWopbmlxqXr0Vm12A==,yfq12Le0idOk6iCl3aXqpailuaXGpevRWbXYoaOhvre0idM1MG2hvzQwNTAgMzY4IKXdpeqlqKW5pcal69FZtdg=[rn]
37-44913,aHR0cDovL3RzaG9wLnIxMHMuanAvc29tZW5kby9jYWJpbmV0L2xpbm5pbmdyb2xsLzUyMDAwMDA2NTAwMDYuanBnP2ZpdGluPTcwMDo3MDA=,MTA2NDAuMDAwMA==,,,ob63tInTNTBtob80MDUwIDM2OSCl3aXqpailuaXGpevRWbXY,yfq12Le0idOk6iCl3aXqpailuaXGpevRWbXY,PGltZyBzcmM9Imh0dHA6Ly9pbWFnZS5yYWt1dGVuLmNvLmpwL3NvbWVuZG8vY2FiaW5ldC9ydWxlci5naWYiIHdpZHRoPSI0MDAiIGhlaWdodD0iNDAiIGJvcmRlcj0iMCI+ve2jujEyMmNtPEJSPgrL2LLEo7ql3aXqpailuaXGpesxMDAlPEJSPqXdpeqlqKW5pcal69FZtdg8QlI+PEJSPjxpbWcgc3JjPSJodHRwczovL2ltYWdlLnJha3V0ZW4uY28uanAvc29tZW5kby9jYWJpbmV0L2RlbGl2ZXJ5c2cuZ2lmIiB3aWR0aD0iNDAwIiBoZWlnaHQ9IjQwMCIgYm9yZGVyPSIwIj48QlI+,ob63tInTNTBtob80MDUwIDM2OSCl3aXqpailuaXGpevRWbXYo7ql0KXppailxqWjpc+lpqW5,VmFyaWV0eSBIb3VzZaXQpemlqKXGpaOlz6WmpbnJ+rXYsryly6XDpcil1aWhpdal6qXDpa+lubrNsfqlz6XvpaSloqXzpa2l66XIpbmlyKXspcOlwaW1pcal86XBpeWpYKXrpaqpYKWspfOluKlgpeqlw6XXpeulraXjpemlr6W/qWDI64hAyOvRp6G+t7SJ0zUwbaG/NDA1MCAzNjkgpd2l6qWopbmlxqXr0Vm12A==,yfq12Le0idOk6iCl3aXqpailuaXGpevRWbXYoaOhvre0idM1MG2hvzQwNTAgMzY5IKXdpeqlqKW5pcal69FZtdg=[rn]
37-44914,aHR0cDovL3RzaG9wLnIxMHMuanAvc29tZW5kby9jYWJpbmV0L2xpbm5pbmdyb2xsLzUyMDAwMDA2NjAwMDUuanBnP2ZpdGluPTcwMDo3MDA=,MTA2NDAuMDAwMA==,,,ob63tInTNTBtob80MDUwIDM4MiCl3aXqpailuaXGpevRWbXY,yfq12Le0idOk6iCl3aXqpailuaXGpevRWbXY,PGltZyBzcmM9Imh0dHA6Ly9pbWFnZS5yYWt1dGVuLmNvLmpwL3NvbWVuZG8vY2FiaW5ldC9ydWxlci5naWYiIHdpZHRoPSI0MDAiIGhlaWdodD0iNDAiIGJvcmRlcj0iMCI+ve2jujEyMmNtPEJSPgrL2LLEo7ql3aXqpailuaXGpesxMDAlPEJSPqXdpeqlqKW5pcal69FZtdg8QlI+PEJSPjxpbWcgc3JjPSJodHRwczovL2ltYWdlLnJha3V0ZW4uY28uanAvc29tZW5kby9jYWJpbmV0L2RlbGl2ZXJ5c2cuZ2lmIiB3aWR0aD0iNDAwIiBoZWlnaHQ9IjQwMCIgYm9yZGVyPSIwIj48QlI+,ob63tInTNTBtob80MDUwIDM4MiCl3aXqpailuaXGpevRWbXYo7ql0KXppailxqWjpc+lpqW5,VmFyaWV0eSBIb3VzZaXQpemlqKXGpaOlz6WmpbnJ+rXYsryly6XDpcil1aWhpdal6qXDpa+lubrNsfqlz6XvpaSloqXzpa2l66XIpbmlyKXspcOlwaW1pcal86XBpeWpYKXrpaqpYKWspfOluKlgpeqlw6XXpeulraXjpemlr6W/qWDI64hAyOvRp6G+t7SJ0zUwbaG/NDA1MCAzODIgpd2l6qWopbmlxqXr0Vm12A==,yfq12Le0idOk6iCl3aXqpailuaXGpevRWbXYoaOhvre0idM1MG2hvzQwNTAgMzgyIKXdpeqlqKW5pcal69FZtdg=[rn]
37-44915,aHR0cDovL3RzaG9wLnIxMHMuanAvc29tZW5kby9jYWJpbmV0L2xpbm5pbmdyb2xsLzUyMDAwMDA5NzAwMDUuanBnP2ZpdGluPTcwMDo3MDA=,MTU2ODAuMDAwMA==,,,ob63tInTNTBtob9TNzMwIDAwMSBMdC5QaW5rID8/P9FZtdggPz8/Pz8=,yfq12Le0idOk6iCly6XDpcjRWbXY,PGltZyBzcmM9Imh0dHA6Ly9pbWFnZS5yYWt1dGVuLmNvLmpwL3NvbWVuZG8vY2FiaW5ldC9ydWxlci5naWYiIHdpZHRoPSI0MDAiIGhlaWdodD0iNDAiIGJvcmRlcj0iMCI+ve2jujEyMmNtPEJSPgrL2LLEo7ql3aXqpailuaXGpesgMTAwJTxCUj4Kv5e9Tb+Xo7qlyKXqpbOlw6XIPEJSPjxCUj48aW1nIHNyYz0iaHR0cHM6Ly9pbWFnZS5yYWt1dGVuLmNvLmpwL3NvbWVuZG8vY2FiaW5ldC9kZWxpdmVyeXNnLmdpZiIgd2lkdGg9IjQwMCIgaGVpZ2h0PSI0MDAiIGJvcmRlcj0iMCI+PEJSPg==,ob63tInTNTBtob9TNzMwIDAwMSBMdC5QaW5rID8/P9FZtdggPz8/Pz+juqXQpemlqKXGpaOlz6Wmpbk=,VmFyaWV0eSBIb3VzZaXQpemlqKXGpaOlz6WmpbnJ+rXYsryly6XDpcil1aWhpdal6qXDpa+lubrNsfqlz6XvpaSloqXzpa2l66XIpbmlyKXspcOlwaW1pcal86XBpeWpYKXrpaqpYKWspfOluKlgpeqlw6XXpeulraXjpemlr6W/qWDI64hAyOvRp6G+t7SJ0zUwbaG/UzczMCAwMDEgTHQuUGluayA/Pz/RWbXYID8/Pz8/,yfq12Le0idOk6iCly6XDpcjRWbXYoaOhvre0idM1MG2hv1M3MzAgMDAxIEx0LlBpbmsgPz8/0Vm12CA/Pz8/Pw==[rn]
37-44916,aHR0cDovL3RzaG9wLnIxMHMuanAvc29tZW5kby9jYWJpbmV0L2xpbm5pbmdyb2xsLzUyMDAwMDA5ODAwMDQuanBnP2ZpdGluPTcwMDo3MDA=,MTU2ODAuMDAwMA==,,,ob63tInTNTBtob9TNzMwIDAxNSBTYW5kIEJlaWdlID8/P9FZtdggPz8/Pz8=,yfq12Le0idOk6iCly6XDpcjRWbXY,PGltZyBzcmM9Imh0dHA6Ly9pbWFnZS5yYWt1dGVuLmNvLmpwL3NvbWVuZG8vY2FiaW5ldC9ydWxlci5naWYiIHdpZHRoPSI0MDAiIGhlaWdodD0iNDAiIGJvcmRlcj0iMCI+ve2jujEyMmNtPEJSPgrL2LLEo7ql3aXqpailuaXGpesgMTAwJTxCUj4Kv5e9Tb+Xo7qlyKXqpbOlw6XIPEJSPjxCUj48aW1nIHNyYz0iaHR0cHM6Ly9pbWFnZS5yYWt1dGVuLmNvLmpwL3NvbWVuZG8vY2FiaW5ldC9kZWxpdmVyeXNnLmdpZiIgd2lkdGg9IjQwMCIgaGVpZ2h0PSI0MDAiIGJvcmRlcj0iMCI+PEJSPg==,ob63tInTNTBtob9TNzMwIDAxNSBTYW5kIEJlaWdlID8/P9FZtdggPz8/Pz+juqXQpemlqKXGpaOlz6Wmpbk=,VmFyaWV0eSBIb3VzZaXQpemlqKXGpaOlz6WmpbnJ+rXYsryly6XDpcil1aWhpdal6qXDpa+lubrNsfqlz6XvpaSloqXzpa2l66XIpbmlyKXspcOlwaW1pcal86XBpeWpYKXrpaqpYKWspfOluKlgpeqlw6XXpeulraXjpemlr6W/qWDI64hAyOvRp6G+t7SJ0zUwbaG/UzczMCAwMTUgU2FuZCBCZWlnZSA/Pz/RWbXYID8/Pz8/,yfq12Le0idOk6iCly6XDpcjRWbXYoaOhvre0idM1MG2hv1M3MzAgMDE1IFNhbmQgQmVpZ2UgPz8/0Vm12CA/Pz8/Pw==[rn]
37-44917,aHR0cDovL3RzaG9wLnIxMHMuanAvc29tZW5kby9jYWJpbmV0L2xpbm5pbmdyb2xsLzUyMDAwMDA5OTAwMDMuanBnP2ZpdGluPTcwMDo3MDA=,MTU2ODAuMDAwMA==,,,ob63tInTNTBtob9TNzMwIDAyNSBNb3NzIEdyZWVuID8/P9FZtdggPz8/Pz8=,yfq12Le0idOk6iCly6XDpcjRWbXY,PGltZyBzcmM9Imh0dHA6Ly9pbWFnZS5yYWt1dGVuLmNvLmpwL3NvbWVuZG8vY2FiaW5ldC9ydWxlci5naWYiIHdpZHRoPSI0MDAiIGhlaWdodD0iNDAiIGJvcmRlcj0iMCI+ve2jujEyMmNtPEJSPgrL2LLEo7ql3aXqpailuaXGpesgMTAwJTxCUj4Kv5e9Tb+Xo7qlyKXqpbOlw6XIPEJSPjxCUj48aW1nIHNyYz0iaHR0cHM6Ly9pbWFnZS5yYWt1dGVuLmNvLmpwL3NvbWVuZG8vY2FiaW5ldC9kZWxpdmVyeXNnLmdpZiIgd2lkdGg9IjQwMCIgaGVpZ2h0PSI0MDAiIGJvcmRlcj0iMCI+PEJSPg==,ob63tInTNTBtob9TNzMwIDAyNSBNb3NzIEdyZWVuID8/P9FZtdggPz8/Pz+juqXQpemlqKXGpaOlz6Wmpbk=,VmFyaWV0eSBIb3VzZaXQpemlqKXGpaOlz6WmpbnJ+rXYsryly6XDpcil1aWhpdal6qXDpa+lubrNsfqlz6XvpaSloqXzpa2l66XIpbmlyKXspcOlwaW1pcal86XBpeWpYKXrpaqpYKWspfOluKlgpeqlw6XXpeulraXjpemlr6W/qWDI64hAyOvRp6G+t7SJ0zUwbaG/UzczMCAwMjUgTW9zcyBHcmVlbiA/Pz/RWbXYID8/Pz8/,yfq12Le0idOk6iCly6XDpcjRWbXYoaOhvre0idM1MG2hv1M3MzAgMDI1IE1vc3MgR3JlZW4gPz8/0Vm12CA/Pz8/Pw==[rn]
37-44918,aHR0cDovL3RzaG9wLnIxMHMuanAvc29tZW5kby9jYWJpbmV0L2xpbm5pbmdyb2xsLzUyMDAwMDEwMDAwMDguanBnP2ZpdGluPTcwMDo3MDA=,MTU2ODAuMDAwMA==,,,ob63tInTNTBtob9TNzMwIDAyNyBOYXZ5ID8/P9FZtdggPz8/Pz8=,yfq12Le0idOk6iCly6XDpcjRWbXY,PGltZyBzcmM9Imh0dHA6Ly9pbWFnZS5yYWt1dGVuLmNvLmpwL3NvbWVuZG8vY2FiaW5ldC9ydWxlci5naWYiIHdpZHRoPSI0MDAiIGhlaWdodD0iNDAiIGJvcmRlcj0iMCI+ve2jujEyMmNtPEJSPgrL2LLEo7ql3aXqpailuaXGpesgMTAwJTxCUj4Kv5e9Tb+Xo7qlyKXqpbOlw6XIPEJSPjxCUj48aW1nIHNyYz0iaHR0cHM6Ly9pbWFnZS5yYWt1dGVuLmNvLmpwL3NvbWVuZG8vY2FiaW5ldC9kZWxpdmVyeXNnLmdpZiIgd2lkdGg9IjQwMCIgaGVpZ2h0PSI0MDAiIGJvcmRlcj0iMCI+PEJSPg==,ob63tInTNTBtob9TNzMwIDAyNyBOYXZ5ID8/P9FZtdggPz8/Pz+juqXQpemlqKXGpaOlz6Wmpbk=,VmFyaWV0eSBIb3VzZaXQpemlqKXGpaOlz6WmpbnJ+rXYsryly6XDpcil1aWhpdal6qXDpa+lubrNsfqlz6XvpaSloqXzpa2l66XIpbmlyKXspcOlwaW1pcal86XBpeWpYKXrpaqpYKWspfOluKlgpeqlw6XXpeulraXjpemlr6W/qWDI64hAyOvRp6G+t7SJ0zUwbaG/UzczMCAwMjcgTmF2eSA/Pz/RWbXYID8/Pz8/,yfq12Le0idOk6iCly6XDpcjRWbXYoaOhvre0idM1MG2hv1M3MzAgMDI3IE5hdnkgPz8/0Vm12CA/Pz8/Pw==[rn]
37-44919,aHR0cDovL3RzaG9wLnIxMHMuanAvc29tZW5kby9jYWJpbmV0L2xpbm5pbmdyb2xsLzUyMDAwMDEwMTAwMDcuanBnP2ZpdGluPTcwMDo3MDA=,MTU2ODAuMDAwMA==,,,ob63tInTNTBtob9TNzMwIDAzMiBDaGFyY29hbCA/Pz/RWbXYID8/Pz8/,yfq12Le0idOk6iCly6XDpcjRWbXY,PGltZyBzcmM9Imh0dHA6Ly9pbWFnZS5yYWt1dGVuLmNvLmpwL3NvbWVuZG8vY2FiaW5ldC9ydWxlci5naWYiIHdpZHRoPSI0MDAiIGhlaWdodD0iNDAiIGJvcmRlcj0iMCI+ve2jujEyMmNtPEJSPgrL2LLEo7ql3aXqpailuaXGpesgMTAwJTxCUj4Kv5e9Tb+Xo7qlyKXqpbOlw6XIPEJSPjxCUj48aW1nIHNyYz0iaHR0cHM6Ly9pbWFnZS5yYWt1dGVuLmNvLmpwL3NvbWVuZG8vY2FiaW5ldC9kZWxpdmVyeXNnLmdpZiIgd2lkdGg9IjQwMCIgaGVpZ2h0PSI0MDAiIGJvcmRlcj0iMCI+PEJSPg==,ob63tInTNTBtob9TNzMwIDAzMiBDaGFyY29hbCA/Pz/RWbXYID8/Pz8/o7ql0KXppailxqWjpc+lpqW5,VmFyaWV0eSBIb3VzZaXQpemlqKXGpaOlz6WmpbnJ+rXYsryly6XDpcil1aWhpdal6qXDpa+lubrNsfqlz6XvpaSloqXzpa2l66XIpbmlyKXspcOlwaW1pcal86XBpeWpYKXrpaqpYKWspfOluKlgpeqlw6XXpeulraXjpemlr6W/qWDI64hAyOvRp6G+t7SJ0zUwbaG/UzczMCAwMzIgQ2hhcmNvYWwgPz8/0Vm12CA/Pz8/Pw==,yfq12Le0idOk6iCly6XDpcjRWbXYoaOhvre0idM1MG2hv1M3MzAgMDMyIENoYXJjb2FsID8/P9FZtdggPz8/Pz8=[rn]
37-44920,aHR0cDovL3RzaG9wLnIxMHMuanAvc29tZW5kby9jYWJpbmV0L2xpbm5pbmdyb2xsLzUyMDAwMDEwMjAwMDYuanBnP2ZpdGluPTcwMDo3MDA=,MTU2ODAuMDAwMA==,,,ob63tInTNTBtob9TNzMwIDA0NiBCbHVlID8/P9FZtdggPz8/Pz8=,yfq12Le0idOk6iCly6XDpcjRWbXY,PGltZyBzcmM9Imh0dHA6Ly9pbWFnZS5yYWt1dGVuLmNvLmpwL3NvbWVuZG8vY2FiaW5ldC9ydWxlci5naWYiIHdpZHRoPSI0MDAiIGhlaWdodD0iNDAiIGJvcmRlcj0iMCI+ve2jujEyMmNtPEJSPgrL2LLEo7ql3aXqpailuaXGpesgMTAwJTxCUj4Kv5e9Tb+Xo7qlyKXqpbOlw6XIPEJSPjxCUj48aW1nIHNyYz0iaHR0cHM6Ly9pbWFnZS5yYWt1dGVuLmNvLmpwL3NvbWVuZG8vY2FiaW5ldC9kZWxpdmVyeXNnLmdpZiIgd2lkdGg9IjQwMCIgaGVpZ2h0PSI0MDAiIGJvcmRlcj0iMCI+PEJSPg==,ob63tInTNTBtob9TNzMwIDA0NiBCbHVlID8/P9FZtdggPz8/Pz+juqXQpemlqKXGpaOlz6Wmpbk=,VmFyaWV0eSBIb3VzZaXQpemlqKXGpaOlz6WmpbnJ+rXYsryly6XDpcil1aWhpdal6qXDpa+lubrNsfqlz6XvpaSloqXzpa2l66XIpbmlyKXspcOlwaW1pcal86XBpeWpYKXrpaqpYKWspfOluKlgpeqlw6XXpeulraXjpemlr6W/qWDI64hAyOvRp6G+t7SJ0zUwbaG/UzczMCAwNDYgQmx1ZSA/Pz/RWbXYID8/Pz8/,yfq12Le0idOk6iCly6XDpcjRWbXYoaOhvre0idM1MG2hv1M3MzAgMDQ2IEJsdWUgPz8/0Vm12CA/Pz8/Pw==[rn]
37-44921,aHR0cDovL3RzaG9wLnIxMHMuanAvc29tZW5kby9jYWJpbmV0L2xpbm5pbmdyb2xsLzUyMDAwMDEwMzAwMDUuanBnP2ZpdGluPTcwMDo3MDA=,MTU2ODAuMDAwMA==,,,ob63tInTNTBtob9TNzMwIDA2OCBSZWQgPz8/0Vm12CA/Pz8/Pw==,yfq12Le0idOk6iCly6XDpcjRWbXY,PGltZyBzcmM9Imh0dHA6Ly9pbWFnZS5yYWt1dGVuLmNvLmpwL3NvbWVuZG8vY2FiaW5ldC9ydWxlci5naWYiIHdpZHRoPSI0MDAiIGhlaWdodD0iNDAiIGJvcmRlcj0iMCI+ve2jujEyMmNtPEJSPgrL2LLEo7ql3aXqpailuaXGpesgMTAwJTxCUj4Kv5e9Tb+Xo7qlyKXqpbOlw6XIPEJSPjxCUj48aW1nIHNyYz0iaHR0cHM6Ly9pbWFnZS5yYWt1dGVuLmNvLmpwL3NvbWVuZG8vY2FiaW5ldC9kZWxpdmVyeXNnLmdpZiIgd2lkdGg9IjQwMCIgaGVpZ2h0PSI0MDAiIGJvcmRlcj0iMCI+PEJSPg==,ob63tInTNTBtob9TNzMwIDA2OCBSZWQgPz8/0Vm12CA/Pz8/P6O6pdCl6aWopcalo6XPpaaluQ==,VmFyaWV0eSBIb3VzZaXQpemlqKXGpaOlz6WmpbnJ+rXYsryly6XDpcil1aWhpdal6qXDpa+lubrNsfqlz6XvpaSloqXzpa2l66XIpbmlyKXspcOlwaW1pcal86XBpeWpYKXrpaqpYKWspfOluKlgpeqlw6XXpeulraXjpemlr6W/qWDI64hAyOvRp6G+t7SJ0zUwbaG/UzczMCAwNjggUmVkID8/P9FZtdggPz8/Pz8=,yfq12Le0idOk6iCly6XDpcjRWbXYoaOhvre0idM1MG2hv1M3MzAgMDY4IFJlZCA/Pz/RWbXYID8/Pz8/[rn]
37-44922,aHR0cDovL3RzaG9wLnIxMHMuanAvc29tZW5kby9jYWJpbmV0L2xpbm5pbmdyb2xsLzUyMDAwMDEwNDAwMDQuanBnP2ZpdGluPTcwMDo3MDA=,MTU2ODAuMDAwMA==,,,ob63tInTNTBtob9TNzMwIDEwMCBCbGFjayA/Pz/RWbXYID8/Pz8/,yfq12Le0idOk6iCly6XDpcjRWbXY,PGltZyBzcmM9Imh0dHA6Ly9pbWFnZS5yYWt1dGVuLmNvLmpwL3NvbWVuZG8vY2FiaW5ldC9ydWxlci5naWYiIHdpZHRoPSI0MDAiIGhlaWdodD0iNDAiIGJvcmRlcj0iMCI+ve2jujEyMmNtPEJSPgrL2LLEo7ql3aXqpailuaXGpesgMTAwJTxCUj4Kv5e9Tb+Xo7qlyKXqpbOlw6XIPEJSPjxCUj48aW1nIHNyYz0iaHR0cHM6Ly9pbWFnZS5yYWt1dGVuLmNvLmpwL3NvbWVuZG8vY2FiaW5ldC9kZWxpdmVyeXNnLmdpZiIgd2lkdGg9IjQwMCIgaGVpZ2h0PSI0MDAiIGJvcmRlcj0iMCI+PEJSPg==,ob63tInTNTBtob9TNzMwIDEwMCBCbGFjayA/Pz/RWbXYID8/Pz8/o7ql0KXppailxqWjpc+lpqW5,VmFyaWV0eSBIb3VzZaXQpemlqKXGpaOlz6WmpbnJ+rXYsryly6XDpcil1aWhpdal6qXDpa+lubrNsfqlz6XvpaSloqXzpa2l66XIpbmlyKXspcOlwaW1pcal86XBpeWpYKXrpaqpYKWspfOluKlgpeqlw6XXpeulraXjpemlr6W/qWDI64hAyOvRp6G+t7SJ0zUwbaG/UzczMCAxMDAgQmxhY2sgPz8/0Vm12CA/Pz8/Pw==,yfq12Le0idOk6iCly6XDpcjRWbXYoaOhvre0idM1MG2hv1M3MzAgMTAwIEJsYWNrID8/P9FZtdggPz8/Pz8=[rn]
37-44923,aHR0cDovL3RzaG9wLnIxMHMuanAvc29tZW5kby9jYWJpbmV0L2xpbm5pbmdyb2xsLzUyMDAwMDEwNTAwMDMuanBnP2ZpdGluPTcwMDo3MDA=,MTU2ODAuMDAwMA==,,,ob63tInTNTBtob9TNzMwIDE4NSBEay5Ccm93biA/Pz/RWbXYID8/Pz8/,yfq12Le0idOk6iCly6XDpcjRWbXY,PGltZyBzcmM9Imh0dHA6Ly9pbWFnZS5yYWt1dGVuLmNvLmpwL3NvbWVuZG8vY2FiaW5ldC9ydWxlci5naWYiIHdpZHRoPSI0MDAiIGhlaWdodD0iNDAiIGJvcmRlcj0iMCI+ve2jujEyMmNtPEJSPgrL2LLEo7ql3aXqpailuaXGpesgMTAwJTxCUj4Kv5e9Tb+Xo7qlyKXqpbOlw6XIPEJSPjxCUj48aW1nIHNyYz0iaHR0cHM6Ly9pbWFnZS5yYWt1dGVuLmNvLmpwL3NvbWVuZG8vY2FiaW5ldC9kZWxpdmVyeXNnLmdpZiIgd2lkdGg9IjQwMCIgaGVpZ2h0PSI0MDAiIGJvcmRlcj0iMCI+PEJSPg==,ob63tInTNTBtob9TNzMwIDE4NSBEay5Ccm93biA/Pz/RWbXYID8/Pz8/o7ql0KXppailxqWjpc+lpqW5,VmFyaWV0eSBIb3VzZaXQpemlqKXGpaOlz6WmpbnJ+rXYsryly6XDpcil1aWhpdal6qXDpa+lubrNsfqlz6XvpaSloqXzpa2l66XIpbmlyKXspcOlwaW1pcal86XBpeWpYKXrpaqpYKWspfOluKlgpeqlw6XXpeulraXjpemlr6W/qWDI64hAyOvRp6G+t7SJ0zUwbaG/UzczMCAxODUgRGsuQnJvd24gPz8/0Vm12CA/Pz8/Pw==,yfq12Le0idOk6iCly6XDpcjRWbXYoaOhvre0idM1MG2hv1M3MzAgMTg1IERrLkJyb3duID8/P9FZtdggPz8/Pz8=[rn]
37-44924,aHR0cDovL3RzaG9wLnIxMHMuanAvc29tZW5kby9jYWJpbmV0L2xpbm5pbmdyb2xsLzUyMDAwMDEwNjAwMDIuanBnP2ZpdGluPTcwMDo3MDA=,MTU2ODAuMDAwMA==,,,ob63tInTNTBtob9TNzMwIDE4OCBCcm93biA/Pz/RWbXYID8/Pz8/,yfq12Le0idOk6iCly6XDpcjRWbXY,PGltZyBzcmM9Imh0dHA6Ly9pbWFnZS5yYWt1dGVuLmNvLmpwL3NvbWVuZG8vY2FiaW5ldC9ydWxlci5naWYiIHdpZHRoPSI0MDAiIGhlaWdodD0iNDAiIGJvcmRlcj0iMCI+ve2jujEyMmNtPEJSPgrL2LLEo7ql3aXqpailuaXGpesgMTAwJTxCUj4Kv5e9Tb+Xo7qlyKXqpbOlw6XIPEJSPjxCUj48aW1nIHNyYz0iaHR0cHM6Ly9pbWFnZS5yYWt1dGVuLmNvLmpwL3NvbWVuZG8vY2FiaW5ldC9kZWxpdmVyeXNnLmdpZiIgd2lkdGg9IjQwMCIgaGVpZ2h0PSI0MDAiIGJvcmRlcj0iMCI+PEJSPg==,ob63tInTNTBtob9TNzMwIDE4OCBCcm93biA/Pz/RWbXYID8/Pz8/o7ql0KXppailxqWjpc+lpqW5,VmFyaWV0eSBIb3VzZaXQpemlqKXGpaOlz6WmpbnJ+rXYsryly6XDpcil1aWhpdal6qXDpa+lubrNsfqlz6XvpaSloqXzpa2l66XIpbmlyKXspcOlwaW1pcal86XBpeWpYKXrpaqpYKWspfOluKlgpeqlw6XXpeulraXjpemlr6W/qWDI64hAyOvRp6G+t7SJ0zUwbaG/UzczMCAxODggQnJvd24gPz8/0Vm12CA/Pz8/Pw==,yfq12Le0idOk6iCly6XDpcjRWbXYoaOhvre0idM1MG2hv1M3MzAgMTg4IEJyb3duID8/P9FZtdggPz8/Pz8=[rn]
37-44925,aHR0cDovL3RzaG9wLnIxMHMuanAvc29tZW5kby9jYWJpbmV0L2xpbm5pbmdyb2xsLzUyMDAwMDEwNzAwMDEuanBnP2ZpdGluPTcwMDo3MDA=,MTU2ODAuMDAwMA==,,,ob63tInTNTBtob9TNzMwIDMyNCBHcmV5ID8/P9FZtdggPz8/Pz8=,yfq12Le0idOk6iCly6XDpcjRWbXY,PGltZyBzcmM9Imh0dHA6Ly9pbWFnZS5yYWt1dGVuLmNvLmpwL3NvbWVuZG8vY2FiaW5ldC9ydWxlci5naWYiIHdpZHRoPSI0MDAiIGhlaWdodD0iNDAiIGJvcmRlcj0iMCI+ve2jujEyMmNtPEJSPgrL2LLEo7ql3aXqpailuaXGpesgMTAwJTxCUj4Kv5e9Tb+Xo7qlyKXqpbOlw6XIPEJSPjxCUj48aW1nIHNyYz0iaHR0cHM6Ly9pbWFnZS5yYWt1dGVuLmNvLmpwL3NvbWVuZG8vY2FiaW5ldC9kZWxpdmVyeXNnLmdpZiIgd2lkdGg9IjQwMCIgaGVpZ2h0PSI0MDAiIGJvcmRlcj0iMCI+PEJSPg==,ob63tInTNTBtob9TNzMwIDMyNCBHcmV5ID8/P9FZtdggPz8/Pz+juqXQpemlqKXGpaOlz6Wmpbk=,VmFyaWV0eSBIb3VzZaXQpemlqKXGpaOlz6WmpbnJ+rXYsryly6XDpcil1aWhpdal6qXDpa+lubrNsfqlz6XvpaSloqXzpa2l66XIpbmlyKXspcOlwaW1pcal86XBpeWpYKXrpaqpYKWspfOluKlgpeqlw6XXpeulraXjpemlr6W/qWDI64hAyOvRp6G+t7SJ0zUwbaG/UzczMCAzMjQgR3JleSA/Pz/RWbXYID8/Pz8/,yfq12Le0idOk6iCly6XDpcjRWbXYoaOhvre0idM1MG2hv1M3MzAgMzI0IEdyZXkgPz8/0Vm12CA/Pz8/Pw==[rn]
37-44926,aHR0cDovL3RzaG9wLnIxMHMuanAvc29tZW5kby9jYWJpbmV0L2xpbm5pbmdyb2xsLzUyMDAwMDEwODAwMDAuanBnP2ZpdGluPTcwMDo3MDA=,MTU2ODAuMDAwMA==,,,ob63tInTNTBtob9TNzMwIDUwMCBCZWlnZSA/Pz/RWbXYID8/Pz8/,yfq12Le0idOk6iCly6XDpcjRWbXY,PGltZyBzcmM9Imh0dHA6Ly9pbWFnZS5yYWt1dGVuLmNvLmpwL3NvbWVuZG8vY2FiaW5ldC9ydWxlci5naWYiIHdpZHRoPSI0MDAiIGhlaWdodD0iNDAiIGJvcmRlcj0iMCI+ve2jujEyMmNtPEJSPgrL2LLEo7ql3aXqpailuaXGpesgMTAwJTxCUj4Kv5e9Tb+Xo7qlyKXqpbOlw6XIPEJSPjxCUj48aW1nIHNyYz0iaHR0cHM6Ly9pbWFnZS5yYWt1dGVuLmNvLmpwL3NvbWVuZG8vY2FiaW5ldC9kZWxpdmVyeXNnLmdpZiIgd2lkdGg9IjQwMCIgaGVpZ2h0PSI0MDAiIGJvcmRlcj0iMCI+PEJSPg==,ob63tInTNTBtob9TNzMwIDUwMCBCZWlnZSA/Pz/RWbXYID8/Pz8/o7ql0KXppailxqWjpc+lpqW5,VmFyaWV0eSBIb3VzZaXQpemlqKXGpaOlz6WmpbnJ+rXYsryly6XDpcil1aWhpdal6qXDpa+lubrNsfqlz6XvpaSloqXzpa2l66XIpbmlyKXspcOlwaW1pcal86XBpeWpYKXrpaqpYKWspfOluKlgpeqlw6XXpeulraXjpemlr6W/qWDI64hAyOvRp6G+t7SJ0zUwbaG/UzczMCA1MDAgQmVpZ2UgPz8/0Vm12CA/Pz8/Pw==,yfq12Le0idOk6iCly6XDpcjRWbXYoaOhvre0idM1MG2hv1M3MzAgNTAwIEJlaWdlID8/P9FZtdggPz8/Pz8=[rn]
37-44927,aHR0cDovL3RzaG9wLnIxMHMuanAvc29tZW5kby9jYWJpbmV0L2xpbm5pbmdyb2xsLzUyMDAwMDEwOTAwMDkuanBnP2ZpdGluPTcwMDo3MDA=,MTU2ODAuMDAwMA==,,,ob63tInTNTBtob9TNzMwIEZCIFdoaXRlID8/P9FZtdggPz8/Pz8=,yfq12Le0idOk6iCly6XDpcjRWbXY,PGltZyBzcmM9Imh0dHA6Ly9pbWFnZS5yYWt1dGVuLmNvLmpwL3NvbWVuZG8vY2FiaW5ldC9ydWxlci5naWYiIHdpZHRoPSI0MDAiIGhlaWdodD0iNDAiIGJvcmRlcj0iMCI+ve2jujEyMmNtPEJSPgrL2LLEo7ql3aXqpailuaXGpesgMTAwJTxCUj4Kv5e9Tb+Xo7qlyKXqpbOlw6XIPEJSPjxCUj48aW1nIHNyYz0iaHR0cHM6Ly9pbWFnZS5yYWt1dGVuLmNvLmpwL3NvbWVuZG8vY2FiaW5ldC9kZWxpdmVyeXNnLmdpZiIgd2lkdGg9IjQwMCIgaGVpZ2h0PSI0MDAiIGJvcmRlcj0iMCI+PEJSPg==,ob63tInTNTBtob9TNzMwIEZCIFdoaXRlID8/P9FZtdggPz8/Pz+juqXQpemlqKXGpaOlz6Wmpbk=,VmFyaWV0eSBIb3VzZaXQpemlqKXGpaOlz6WmpbnJ+rXYsryly6XDpcil1aWhpdal6qXDpa+lubrNsfqlz6XvpaSloqXzpa2l66XIpbmlyKXspcOlwaW1pcal86XBpeWpYKXrpaqpYKWspfOluKlgpeqlw6XXpeulraXjpemlr6W/qWDI64hAyOvRp6G+t7SJ0zUwbaG/UzczMCBGQiBXaGl0ZSA/Pz/RWbXYID8/Pz8/,yfq12Le0idOk6iCly6XDpcjRWbXYoaOhvre0idM1MG2hv1M3MzAgRkIgV2hpdGUgPz8/0Vm12CA/Pz8/Pw==[rn]
37-44928,aHR0cDovL3RzaG9wLnIxMHMuanAvc29tZW5kby9jYWJpbmV0L2ZhYnJpY3MvMjAxNy0xLzIwNTAwMDA1MDAwMDguanBnP2ZpdGluPTcwMDo3MDA=,MTI2LjQwMDA=,,,SUQxNzAyMTUtMTEgPz8/ID8/Pz8/TWludCBHcg==,yfq12CC0us/Ey9iyxCCl7Klgpbk=,PGltZyBzcmM9Imh0dHA6Ly9pbWFnZS5yYWt1dGVuLmNvLmpwL3NvbWVuZG8vY2FiaW5ldC9ydWxlci5naWYiIHdpZHRoPSI0MDAiIGhlaWdodD0iNDAiIGJvcmRlcj0iMCI+ve2jujE0M2NtPEJSPsvYssSjuqXdpeqlqKW5pcal6zEwMCU8QlI+v5e9Tb+Xo7ql7Klgpbk8QlI+PEJSPqH5t73R29e0pMu+jqTf3nqk3qTspL+l7Klgpbm12KTO1tCky6WqqWClrKXzpbipYKSsvU2k37rPpO+ktaTDpMakpKTGsfqkrKTPpMOkraTqpMiz9qTepLmhozxCUj6086StpLWkz7xzMmNtvcc8QlI+j4ik6qSspKKk68n6tdikx6XGqWCl1qXrpbul86W/qWCk5KWvpcOlt6XnpfOlq6XQqWCkyqTJpM6lpKXzpcal6qWi08PGt6TLpKqkuaS5pOGhozxCUj6lv6WkpciluaWrqWClyKTk0OShovHGpN6k76TqpMqkyaTOsr+31sq5pKSkx6XVpael36XLpfOkytewpKSky6TioaM8QlI+PEJSPgo8QlI+PEJSPjxpbWcgc3JjPSJodHRwczovL2ltYWdlLnJha3V0ZW4uY28uanAvc29tZW5kby9jYWJpbmV0L2RlbGl2ZXJ5NTAuZ2lmIiB3aWR0aD0iNDAwIiBoZWlnaHQ9IjQwMCIgYm9yZGVyPSIwIj48QlI+,SUQxNzAyMTUtMTEgPz8/ID8/Pz8/TWludCBHcqO6pdCl6aWopcalo6XPpaaluQ==,VmFyaWV0eSBIb3VzZaXQpemlqKXGpaOlz6WmpbnJ+rXYsryly6XDpcil1aWhpdal6qXDpa+lubrNsfqlz6XvpaSloqXzpa2l66XIpbmlyKXspcOlwaW1pcal86XBpeWpYKXrpaqpYKWspfOluKlgpeqlw6XXpeulraXjpemlr6W/qWDI64hAyOvRp0lEMTcwMjE1LTExID8/PyA/Pz8/P01pbnQgR3I=,yfq12CC0us/Ey9iyxCCl7Klgpbmho0lEMTcwMjE1LTExID8/PyA/Pz8/P01pbnQgR3I=[rn]
37-44929,aHR0cDovL3RzaG9wLnIxMHMuanAvc29tZW5kby9jYWJpbmV0LzAyMDk5MzY4L2ltZzU3OTI0MDcyLmpwZz9maXRpbj03MDA6NzAw,MzguNDAwMA==,,,VkgxMTI2IDAwNyBHcmV5ILuosfogpaql0algpeu807mk,yfq12CC0us/Ey9iyxCCl7Klgpbkgpaql0algpes=,PGltZyBzcmM9Imh0dHA6Ly9pbWFnZS5yYWt1dGVuLmNvLmpwL3NvbWVuZG8vY2FiaW5ldC9ydWxlci5naWYiIHdpZHRoPSI0MDAiIGhlaWdodD0iNDAiIGJvcmRlcj0iMCI+ve2jujEwOGNtPEJSPgrL2LLEo7ql3aXqpailuaXGpesvpeypYKXopfM3MC8zMDxCUj4Kpaql0algpeu807mkPEJSPjxpbWcgc3JjPSJodHRwczovL2ltYWdlLnJha3V0ZW4uY28uanAvc29tZW5kby9jYWJpbmV0L2RlbGl2ZXJ5M20uZ2lmIiB3aWR0aD0iNDAwIiBoZWlnaHQ9IjQwMCIgYm9yZGVyPSIwIj48QlI+,VkgxMTI2IDAwNyBHcmV5ILuosfogpaql0algpeu807mko7ql0KXppailxqWjpc+lpqW5,VmFyaWV0eSBIb3VzZaXQpemlqKXGpaOlz6WmpbnJ+rXYsryly6XDpcil1aWhpdal6qXDpa+lubrNsfqlz6XvpaSloqXzpa2l66XIpbmlyKXspcOlwaW1pcal86XBpeWpYKXrpaqpYKWspfOluKlgpeqlw6XXpeulraXjpemlr6W/qWDI64hAyOvRp1ZIMTEyNiAwMDcgR3JleSC7qLH6IKWqpdGpYKXrvNO5pA==,yfq12CC0us/Ey9iyxCCl7Klgpbkgpaql0algpeuho1ZIMTEyNiAwMDcgR3JleSC7qLH6IKWqpdGpYKXrvNO5pA==[rn]
37-44930,aHR0cDovL3RzaG9wLnIxMHMuanAvc29tZW5kby9jYWJpbmV0LzAyMDk5MzY4L2ltZzU3OTI0MDcxLmpwZz9maXRpbj03MDA6NzAw,MzguNDAwMA==,,,VkgxMTI3IDAwOCBCcm93biC7qLH6IKWqpdGpYKXrvNO5pA==,yfq12CC0us/Ey9iyxCCl7Klgpbkgpaql0algpes=,PGltZyBzcmM9Imh0dHA6Ly9pbWFnZS5yYWt1dGVuLmNvLmpwL3NvbWVuZG8vY2FiaW5ldC9ydWxlci5naWYiIHdpZHRoPSI0MDAiIGhlaWdodD0iNDAiIGJvcmRlcj0iMCI+ve2jujEwNmNtPEJSPgrL2LLEo7ql3aXqpailuaXGpesvpeypYKXopfM3MC8zMDxCUj4Kpaql0algpeu807mkPEJSPjxpbWcgc3JjPSJodHRwczovL2ltYWdlLnJha3V0ZW4uY28uanAvc29tZW5kby9jYWJpbmV0L2RlbGl2ZXJ5M20uZ2lmIiB3aWR0aD0iNDAwIiBoZWlnaHQ9IjQwMCIgYm9yZGVyPSIwIj48QlI+,VkgxMTI3IDAwOCBCcm93biC7qLH6IKWqpdGpYKXrvNO5pKO6pdCl6aWopcalo6XPpaaluQ==,VmFyaWV0eSBIb3VzZaXQpemlqKXGpaOlz6WmpbnJ+rXYsryly6XDpcil1aWhpdal6qXDpa+lubrNsfqlz6XvpaSloqXzpa2l66XIpbmlyKXspcOlwaW1pcal86XBpeWpYKXrpaqpYKWspfOluKlgpeqlw6XXpeulraXjpemlr6W/qWDI64hAyOvRp1ZIMTEyNyAwMDggQnJvd24gu6ix+iClqqXRqWCl67zTuaQ=,yfq12CC0us/Ey9iyxCCl7Klgpbkgpaql0algpeuho1ZIMTEyNyAwMDggQnJvd24gu6ix+iClqqXRqWCl67zTuaQ=[rn]
37-44931,aHR0cDovL3RzaG9wLnIxMHMuanAvc29tZW5kby9jYWJpbmV0L2ZhYnJpY3MvMjAxNy0xLzIyMjAwMDA0NDAwMDQuanBnP2ZpdGluPTcwMDo3MDA=,NzAuNDAwMA==,,,QUQ4MTUwIDI4NCA/Pz8/PyA/Pw==,yfq12CC6zbH6ILrNsfo=,PGltZyBzcmM9Imh0dHA6Ly9pbWFnZS5yYWt1dGVuLmNvLmpwL3NvbWVuZG8vY2FiaW5ldC9ydWxlci5naWYiIHdpZHRoPSI0MDAiIGhlaWdodD0iNDAiIGJvcmRlcj0iMCI+ve2jujExMGNtPEJSPsvYssSjur5kMTAwJTxCUj69Tb+Xo7qlyaXTqWA8QlI+PGltZyBzcmM9Imh0dHBzOi8vaW1hZ2UucmFrdXRlbi5jby5qcC9zb21lbmRvL2NhYmluZXQvZGVsaXZlcnkzbS5naWYiIHdpZHRoPSI0MDAiIGhlaWdodD0iNDAwIiBib3JkZXI9IjAiPjxCUj4=,QUQ4MTUwIDI4NCA/Pz8/PyA/P6O6pdCl6aWopcalo6XPpaaluQ==,VmFyaWV0eSBIb3VzZaXQpemlqKXGpaOlz6WmpbnJ+rXYsryly6XDpcil1aWhpdal6qXDpa+lubrNsfqlz6XvpaSloqXzpa2l66XIpbmlyKXspcOlwaW1pcal86XBpeWpYKXrpaqpYKWspfOluKlgpeqlw6XXpeulraXjpemlr6W/qWDI64hAyOvRp0FEODE1MCAyODQgPz8/Pz8gPz8=,yfq12CC6zbH6ILrNsfqho0FEODE1MCAyODQgPz8/Pz8gPz8=[rn]
37-44932,aHR0cDovL3RzaG9wLnIxMHMuanAvc29tZW5kby9jYWJpbmV0LzAyMDk5MzY4L2ltZzU3OTE1ODUxLmpwZz9maXRpbj03MDA6NzAw,MzguNDAwMA==,,,VkgxMTMwIDAxNSBXaW5lIKXqqWCl1SClqqXRqWCl67zTuaQ=,yfq12CC0us/Ey9iyxCCl7Klgpbkgpaql0algpes=,PGltZyBzcmM9Imh0dHA6Ly9pbWFnZS5yYWt1dGVuLmNvLmpwL3NvbWVuZG8vY2FiaW5ldC9ydWxlci5naWYiIHdpZHRoPSI0MDAiIGhlaWdodD0iNDAiIGJvcmRlcj0iMCI+ve2jujExMGNtPEJSPgrL2LLEo7ql3aXqpailuaXGpesvpeypYKXopfM3MC8zMDxCUj4Kpaql0algpeu807mkPEJSPjxpbWcgc3JjPSJodHRwczovL2ltYWdlLnJha3V0ZW4uY28uanAvc29tZW5kby9jYWJpbmV0L2RlbGl2ZXJ5M20uZ2lmIiB3aWR0aD0iNDAwIiBoZWlnaHQ9IjQwMCIgYm9yZGVyPSIwIj48QlI+,VkgxMTMwIDAxNSBXaW5lIKXqqWCl1SClqqXRqWCl67zTuaSjuqXQpemlqKXGpaOlz6Wmpbk=,VmFyaWV0eSBIb3VzZaXQpemlqKXGpaOlz6WmpbnJ+rXYsryly6XDpcil1aWhpdal6qXDpa+lubrNsfqlz6XvpaSloqXzpa2l66XIpbmlyKXspcOlwaW1pcal86XBpeWpYKXrpaqpYKWspfOluKlgpeqlw6XXpeulraXjpemlr6W/qWDI64hAyOvRp1ZIMTEzMCAwMTUgV2luZSCl6qlgpdUgpaql0algpeu807mk,yfq12CC0us/Ey9iyxCCl7Klgpbkgpaql0algpeuho1ZIMTEzMCAwMTUgV2luZSCl6qlgpdUgpaql0algpeu807mk[rn]
37-44933,aHR0cDovL3RzaG9wLnIxMHMuanAvc29tZW5kby9jYWJpbmV0L2ZhYnJpY3MvMjAxNy0xLzIyMjAwMDA0MjAwMDYuanBnP2ZpdGluPTcwMDo3MDA=,NzAuNDAwMA==,,,QUQ4MTUwIDMwMCA/Pz8/PyA/Pw==,yfq12CC6zbH6ILrNsfo=,PGltZyBzcmM9Imh0dHA6Ly9pbWFnZS5yYWt1dGVuLmNvLmpwL3NvbWVuZG8vY2FiaW5ldC9ydWxlci5naWYiIHdpZHRoPSI0MDAiIGhlaWdodD0iNDAiIGJvcmRlcj0iMCI+ve2jujExMGNtPEJSPsvYssSjur5kMTAwJTxCUj69Tb+Xo7qlyaXTqWA8QlI+PGltZyBzcmM9Imh0dHBzOi8vaW1hZ2UucmFrdXRlbi5jby5qcC9zb21lbmRvL2NhYmluZXQvZGVsaXZlcnkzbS5naWYiIHdpZHRoPSI0MDAiIGhlaWdodD0iNDAwIiBib3JkZXI9IjAiPjxCUj4=,QUQ4MTUwIDMwMCA/Pz8/PyA/P6O6pdCl6aWopcalo6XPpaaluQ==,VmFyaWV0eSBIb3VzZaXQpemlqKXGpaOlz6WmpbnJ+rXYsryly6XDpcil1aWhpdal6qXDpa+lubrNsfqlz6XvpaSloqXzpa2l66XIpbmlyKXspcOlwaW1pcal86XBpeWpYKXrpaqpYKWspfOluKlgpeqlw6XXpeulraXjpemlr6W/qWDI64hAyOvRp0FEODE1MCAzMDAgPz8/Pz8gPz8=,yfq12CC6zbH6ILrNsfqho0FEODE1MCAzMDAgPz8/Pz8gPz8=[rn]
37-44934,aHR0cDovL3RzaG9wLnIxMHMuanAvc29tZW5kby9jYWJpbmV0LzAyMDk5MzY4L2ltZzU3OTE1ODQ4LmpwZz9maXRpbj03MDA6NzAw,MzguNDAwMA==,,,VkgxMTMyIDAxOCBCZWlnZSC7qLH6IKWqpdGpYKXrvNO5pA==,yfq12CC0us/Ey9iyxCCl7Klgpbkgpaql0algpes=,PGltZyBzcmM9Imh0dHA6Ly9pbWFnZS5yYWt1dGVuLmNvLmpwL3NvbWVuZG8vY2FiaW5ldC9ydWxlci5naWYiIHdpZHRoPSI0MDAiIGhlaWdodD0iNDAiIGJvcmRlcj0iMCI+ve2jujExMGNtPEJSPgrL2LLEo7ql3aXqpailuaXGpesvpeypYKXopfM3MC8zMDxCUj4Kpaql0algpeu807mkPEJSPjxpbWcgc3JjPSJodHRwczovL2ltYWdlLnJha3V0ZW4uY28uanAvc29tZW5kby9jYWJpbmV0L2RlbGl2ZXJ5M20uZ2lmIiB3aWR0aD0iNDAwIiBoZWlnaHQ9IjQwMCIgYm9yZGVyPSIwIj48QlI+,VkgxMTMyIDAxOCBCZWlnZSC7qLH6IKWqpdGpYKXrvNO5pKO6pdCl6aWopcalo6XPpaaluQ==,VmFyaWV0eSBIb3VzZaXQpemlqKXGpaOlz6WmpbnJ+rXYsryly6XDpcil1aWhpdal6qXDpa+lubrNsfqlz6XvpaSloqXzpa2l66XIpbmlyKXspcOlwaW1pcal86XBpeWpYKXrpaqpYKWspfOluKlgpeqlw6XXpeulraXjpemlr6W/qWDI64hAyOvRp1ZIMTEzMiAwMTggQmVpZ2Ugu6ix+iClqqXRqWCl67zTuaQ=,yfq12CC0us/Ey9iyxCCl7Klgpbkgpaql0algpeuho1ZIMTEzMiAwMTggQmVpZ2Ugu6ix+iClqqXRqWCl67zTuaQ=[rn]
37-44935,aHR0cDovL3RzaG9wLnIxMHMuanAvc29tZW5kby9jYWJpbmV0LzAzMDMzODY3LzIwMTUtMS8yMDgwMDAwMTEwMDA2LmpwZz9maXRpbj03MDA6NzAw,MTU4LjQwMDA=,,,NDY0MyA5OSBCbGFjayDJ37H6ILrPxqQ=,yfq12CClpKXzpcal6qWiILrPxqQ=,PGltZyBzcmM9Imh0dHA6Ly9pbWFnZS5yYWt1dGVuLmNvLmpwL3NvbWVuZG8vY2FiaW5ldC9ydWxlci5naWYiIHdpZHRoPSI0MDAiIGhlaWdodD0iNDAiIGJvcmRlcj0iMCI+ve2jujEzNWNtPEJSPsvYssSjurHtw+Ygpd2l6qWmpeylv6XzMTAwJSDRWbv5srwgpd2l6qWopbmlxqXrMTAwJTxCUj69Tb+Xo7q6z8akPEJSPjxpbWcgc3JjPSJodHRwczovL2ltYWdlLnJha3V0ZW4uY28uanAvc29tZW5kby9jYWJpbmV0L2RlbGl2ZXJ5c2cuZ2lmIiB3aWR0aD0iNDAwIiBoZWlnaHQ9IjQwMCIgYm9yZGVyPSIwIj48QlI+,NDY0MyA5OSBCbGFjayDJ37H6ILrPxqSjuqXQpemlqKXGpaOlz6Wmpbk=,VmFyaWV0eSBIb3VzZaXQpemlqKXGpaOlz6WmpbnJ+rXYsryly6XDpcil1aWhpdal6qXDpa+lubrNsfqlz6XvpaSloqXzpa2l66XIpbmlyKXspcOlwaW1pcal86XBpeWpYKXrpaqpYKWspfOluKlgpeqlw6XXpeulraXjpemlr6W/qWDI64hAyOvRpzQ2NDMgOTkgQmxhY2sgyd+x+iC6z8ak,yfq12CClpKXzpcal6qWiILrPxqShozQ2NDMgOTkgQmxhY2sgyd+x+iC6z8ak[rn]
37-44936,aHR0cDovL3RzaG9wLnIxMHMuanAvc29tZW5kby9jYWJpbmV0L2ZhYnJpY3MvMDUxMTI3MTEvMjA5MDAzMzg4MDAwNS5qcGc/Zml0aW49NzAwOjcwMA==,NzAuNDAwMA==,,,QUQ4MTUwIDY0IEx0LkJsdWUgn2+12CA/Pz8/Pw==,yfq12CC6zbH6ILrNsfo=,PGltZyBzcmM9Imh0dHA6Ly9pbWFnZS5yYWt1dGVuLmNvLmpwL3NvbWVuZG8vY2FiaW5ldC9ydWxlci5naWYiIHdpZHRoPSI0MDAiIGhlaWdodD0iNDAiIGJvcmRlcj0iMCI+ve2jujExMGNtPEJSPsvYssSjur5kMTAwJTxCUj69Tb+Xo7qlyaXTqWA8QlI+PGltZyBzcmM9Imh0dHBzOi8vaW1hZ2UucmFrdXRlbi5jby5qcC9zb21lbmRvL2NhYmluZXQvZGVsaXZlcnkzbS5naWYiIHdpZHRoPSI0MDAiIGhlaWdodD0iNDAwIiBib3JkZXI9IjAiPjxCUj4=,QUQ4MTUwIDY0IEx0LkJsdWUgn2+12CA/Pz8/P6O6pdCl6aWopcalo6XPpaaluQ==,VmFyaWV0eSBIb3VzZaXQpemlqKXGpaOlz6WmpbnJ+rXYsryly6XDpcil1aWhpdal6qXDpa+lubrNsfqlz6XvpaSloqXzpa2l66XIpbmlyKXspcOlwaW1pcal86XBpeWpYKXrpaqpYKWspfOluKlgpeqlw6XXpeulraXjpemlr6W/qWDI64hAyOvRp0FEODE1MCA2NCBMdC5CbHVlIJ9vtdggPz8/Pz8=,yfq12CC6zbH6ILrNsfqho0FEODE1MCA2NCBMdC5CbHVlIJ9vtdggPz8/Pz8=[rn]
37-44937,aHR0cDovL3RzaG9wLnIxMHMuanAvc29tZW5kby9jYWJpbmV0LzAyNTc4Mzg4L2ltZzU4NTEwMjA4LmpwZz9maXRpbj03MDA6NzAw,MzguNDAwMA==,,,VkgxNDk0IDAxIEJyb3duIJ9vtdggus/GpKOo1rLDq6Op,yfq12CClpKXzpcal6qWiILrPxqQ=,PGltZyBzcmM9Imh0dHA6Ly9pbWFnZS5yYWt1dGVuLmNvLmpwL3NvbWVuZG8vY2FiaW5ldC9ydWxlci5naWYiIHdpZHRoPSI0MDAiIGhlaWdodD0iNDAiIGJvcmRlcj0iMCI+09CEv73to7o5MGNtPEJSPgrL2LLEo7ql3aXqpailuaXGpesxMDAlPEJSPgq/l71Nv5ejurrPxqSjqE5hcHBlZKOpPEJSPjxpbWcgc3JjPSJodHRwczovL2ltYWdlLnJha3V0ZW4uY28uanAvc29tZW5kby9jYWJpbmV0L2RlbGl2ZXJ5c2cuZ2lmIiB3aWR0aD0iNDAwIiBoZWlnaHQ9IjQwMCIgYm9yZGVyPSIwIj48QlI+,VkgxNDk0IDAxIEJyb3duIJ9vtdggus/GpKOo1rLDq6Opo7ql0KXppailxqWjpc+lpqW5,VmFyaWV0eSBIb3VzZaXQpemlqKXGpaOlz6WmpbnJ+rXYsryly6XDpcil1aWhpdal6qXDpa+lubrNsfqlz6XvpaSloqXzpa2l66XIpbmlyKXspcOlwaW1pcal86XBpeWpYKXrpaqpYKWspfOluKlgpeqlw6XXpeulraXjpemlr6W/qWDI64hAyOvRp1ZIMTQ5NCAwMSBCcm93biCfb7XYILrPxqSjqNayw6ujqQ==,yfq12CClpKXzpcal6qWiILrPxqSho1ZIMTQ5NCAwMSBCcm93biCfb7XYILrPxqSjqNayw6ujqQ==[rn]
37-44938,aHR0cDovL3RzaG9wLnIxMHMuanAvc29tZW5kby9jYWJpbmV0LzAyMDk5MzY4L2ltZzU3OTE1ODQ3LmpwZz9maXRpbj03MDA6NzAw,MzguNDAwMA==,,,VkgxMTMzIDAxOSBCZWlnZSC7qLH6IKWqpdGpYKXrvNO5pA==,yfq12CC0us/Ey9iyxCCl7Klgpbkgpaql0algpes=,PGltZyBzcmM9Imh0dHA6Ly9pbWFnZS5yYWt1dGVuLmNvLmpwL3NvbWVuZG8vY2FiaW5ldC9ydWxlci5naWYiIHdpZHRoPSI0MDAiIGhlaWdodD0iNDAiIGJvcmRlcj0iMCI+ve2jujExMGNtPEJSPgrL2LLEo7ql3aXqpailuaXGpesvpeypYKXopfM3MC8zMDxCUj4Kpaql0algpeu807mkPEJSPjxpbWcgc3JjPSJodHRwczovL2ltYWdlLnJha3V0ZW4uY28uanAvc29tZW5kby9jYWJpbmV0L2RlbGl2ZXJ5M20uZ2lmIiB3aWR0aD0iNDAwIiBoZWlnaHQ9IjQwMCIgYm9yZGVyPSIwIj48QlI+,VkgxMTMzIDAxOSBCZWlnZSC7qLH6IKWqpdGpYKXrvNO5pKO6pdCl6aWopcalo6XPpaaluQ==,VmFyaWV0eSBIb3VzZaXQpemlqKXGpaOlz6WmpbnJ+rXYsryly6XDpcil1aWhpdal6qXDpa+lubrNsfqlz6XvpaSloqXzpa2l66XIpbmlyKXspcOlwaW1pcal86XBpeWpYKXrpaqpYKWspfOluKlgpeqlw6XXpeulraXjpemlr6W/qWDI64hAyOvRp1ZIMTEzMyAwMTkgQmVpZ2Ugu6ix+iClqqXRqWCl67zTuaQ=,yfq12CC0us/Ey9iyxCCl7Klgpbkgpaql0algpeuho1ZIMTEzMyAwMTkgQmVpZ2Ugu6ix+iClqqXRqWCl67zTuaQ=[rn]
37-44939,aHR0cDovL3RzaG9wLnIxMHMuanAvc29tZW5kby9jYWJpbmV0LzAzMDMzODY3LzIwMTUtMS8wNDAyMTAwMDEwMjIyLmpwZz9maXRpbj03MDA6NzAw,MzguNDAwMA==,,,VkgxMTM0IDAyMCBCcm93biC7qLH6IKWqpdGpYKXrvNO5pA==,yfq12CC0us/Ey9iyxCCl7Klgpbkgpaql0algpes=,PGltZyBzcmM9Imh0dHA6Ly9pbWFnZS5yYWt1dGVuLmNvLmpwL3NvbWVuZG8vY2FiaW5ldC9ydWxlci5naWYiIHdpZHRoPSI0MDAiIGhlaWdodD0iNDAiIGJvcmRlcj0iMCI+ve2jujEwOGNtPEJSPsvYssSjulBFL1IgNzAvMzA8QlI+vU2/l6O6paql0algpeu807mkPEJSPjxpbWcgc3JjPSJodHRwczovL2ltYWdlLnJha3V0ZW4uY28uanAvc29tZW5kby9jYWJpbmV0L2RlbGl2ZXJ5M20uZ2lmIiB3aWR0aD0iNDAwIiBoZWlnaHQ9IjQwMCIgYm9yZGVyPSIwIj48QlI+,VkgxMTM0IDAyMCBCcm93biC7qLH6IKWqpdGpYKXrvNO5pKO6pdCl6aWopcalo6XPpaaluQ==,VmFyaWV0eSBIb3VzZaXQpemlqKXGpaOlz6WmpbnJ+rXYsryly6XDpcil1aWhpdal6qXDpa+lubrNsfqlz6XvpaSloqXzpa2l66XIpbmlyKXspcOlwaW1pcal86XBpeWpYKXrpaqpYKWspfOluKlgpeqlw6XXpeulraXjpemlr6W/qWDI64hAyOvRp1ZIMTEzNCAwMjAgQnJvd24gu6ix+iClqqXRqWCl67zTuaQ=,yfq12CC0us/Ey9iyxCCl7Klgpbkgpaql0algpeuho1ZIMTEzNCAwMjAgQnJvd24gu6ix+iClqqXRqWCl67zTuaQ=[rn]
37-44940,aHR0cDovL3RzaG9wLnIxMHMuanAvc29tZW5kby9jYWJpbmV0L2ZhYnJpY3MvMjAxNy0xLzIyMjAwMDA0MzAwMDUuanBnP2ZpdGluPTcwMDo3MDA=,NzAuNDAwMA==,,,QUQ4MTUwIE9XID8/Pz8/ID8/,yfq12CC6zbH6ILrNsfo=,PGltZyBzcmM9Imh0dHA6Ly9pbWFnZS5yYWt1dGVuLmNvLmpwL3NvbWVuZG8vY2FiaW5ldC9ydWxlci5naWYiIHdpZHRoPSI0MDAiIGhlaWdodD0iNDAiIGJvcmRlcj0iMCI+ve2jujExMGNtPEJSPsvYssSjur5kMTAwJTxCUj69Tb+Xo7qlyaXTqWA8QlI+PGltZyBzcmM9Imh0dHBzOi8vaW1hZ2UucmFrdXRlbi5jby5qcC9zb21lbmRvL2NhYmluZXQvZGVsaXZlcnkzbS5naWYiIHdpZHRoPSI0MDAiIGhlaWdodD0iNDAwIiBib3JkZXI9IjAiPjxCUj4=,QUQ4MTUwIE9XID8/Pz8/ID8/o7ql0KXppailxqWjpc+lpqW5,VmFyaWV0eSBIb3VzZaXQpemlqKXGpaOlz6WmpbnJ+rXYsryly6XDpcil1aWhpdal6qXDpa+lubrNsfqlz6XvpaSloqXzpa2l66XIpbmlyKXspcOlwaW1pcal86XBpeWpYKXrpaqpYKWspfOluKlgpeqlw6XXpeulraXjpemlr6W/qWDI64hAyOvRp0FEODE1MCBPVyA/Pz8/PyA/Pw==,yfq12CC6zbH6ILrNsfqho0FEODE1MCBPVyA/Pz8/PyA/Pw==[rn]
37-44941,aHR0cDovL3RzaG9wLnIxMHMuanAvc29tZW5kby9jYWJpbmV0LzAzMDMzODY3LzIwMTUtMS8wNDAyMTAwMDEwMTA5LmpwZz9maXRpbj03MDA6NzAw,MzguNDAwMA==,,,VkgxMTM3IDAyMyBMdC5Ccm93biC7qLH6IKWqpdGpYKXrvNO5pA==,yfq12CC0us/Ey9iyxCCl7Klgpbkgpaql0algpes=,PGltZyBzcmM9Imh0dHA6Ly9pbWFnZS5yYWt1dGVuLmNvLmpwL3NvbWVuZG8vY2FiaW5ldC9ydWxlci5naWYiIHdpZHRoPSI0MDAiIGhlaWdodD0iNDAiIGJvcmRlcj0iMCI+ve2jujExMGNtPEJSPsvYssSjulBFL1IgNzAvMzA8QlI+vU2/l6O6paql0algpeu807mkPEJSPjxpbWcgc3JjPSJodHRwczovL2ltYWdlLnJha3V0ZW4uY28uanAvc29tZW5kby9jYWJpbmV0L2RlbGl2ZXJ5M20uZ2lmIiB3aWR0aD0iNDAwIiBoZWlnaHQ9IjQwMCIgYm9yZGVyPSIwIj48QlI+,VkgxMTM3IDAyMyBMdC5Ccm93biC7qLH6IKWqpdGpYKXrvNO5pKO6pdCl6aWopcalo6XPpaaluQ==,VmFyaWV0eSBIb3VzZaXQpemlqKXGpaOlz6WmpbnJ+rXYsryly6XDpcil1aWhpdal6qXDpa+lubrNsfqlz6XvpaSloqXzpa2l66XIpbmlyKXspcOlwaW1pcal86XBpeWpYKXrpaqpYKWspfOluKlgpeqlw6XXpeulraXjpemlr6W/qWDI64hAyOvRp1ZIMTEzNyAwMjMgTHQuQnJvd24gu6ix+iClqqXRqWCl67zTuaQ=,yfq12CC0us/Ey9iyxCCl7Klgpbkgpaql0algpeuho1ZIMTEzNyAwMjMgTHQuQnJvd24gu6ix+iClqqXRqWCl67zTuaQ=[rn]
37-44942,aHR0cDovL3RzaG9wLnIxMHMuanAvc29tZW5kby9jYWJpbmV0L2ZhYnJpY3MvMjAxNy0xLzQ5NjU0OTI4NjgwNjMuanBnP2ZpdGluPTcwMDo3MDA=,NzguNDAwMA==,,,RUNCLTM0IEJHIKSvpOmksqTOpcCl86W5IKXqpcOl16Xr,yfq12CC6zbH6IKXqpcOl16Xr,PGltZyBzcmM9Imh0dHA6Ly9pbWFnZS5yYWt1dGVuLmNvLmpwL3NvbWVuZG8vY2FiaW5ldC9ydWxlci5naWYiIHdpZHRoPSI0MDAiIGhlaWdodD0iNDAiIGJvcmRlcj0iMCI+ve2jujEwNmNtPEJSPsvYssSjur5kIDEwMCU8QlI+pdWloaXWpeqlr6W5o7o/Pz8/PzxCUj6kr6TppLK8czJjbTxCUj48aW1nIHNyYz0iaHR0cHM6Ly9pbWFnZS5yYWt1dGVuLmNvLmpwL3NvbWVuZG8vY2FiaW5ldC9kZWxpdmVyeTJtLmdpZiIgd2lkdGg9IjQwMCIgaGVpZ2h0PSI0MDAiIGJvcmRlcj0iMCI+PEJSPg==,RUNCLTM0IEJHIKSvpOmksqTOpcCl86W5IKXqpcOl16Xro7ql0KXppailxqWjpc+lpqW5,VmFyaWV0eSBIb3VzZaXQpemlqKXGpaOlz6WmpbnJ+rXYsryly6XDpcil1aWhpdal6qXDpa+lubrNsfqlz6XvpaSloqXzpa2l66XIpbmlyKXspcOlwaW1pcal86XBpeWpYKXrpaqpYKWspfOluKlgpeqlw6XXpeulraXjpemlr6W/qWDI64hAyOvRp0VDQi0zNCBCRyCkr6TppLKkzqXApfOluSCl6qXDpdel6w==,yfq12CC6zbH6IKXqpcOl16XroaNFQ0ItMzQgQkcgpK+k6aSypM6lwKXzpbkgpeqlw6XXpes=[rn]
37-44943,aHR0cDovL3RzaG9wLnIxMHMuanAvc29tZW5kby9jYWJpbmV0LzAyMDk5MzY4L2ltZzU3OTE1NDA2LmpwZz9maXRpbj03MDA6NzAw,MzguNDAwMA==,,,VkgxMTM5IDAyNiBMdC5HcmVlbiCl0KWkpaKluaXBpaelw6WvIKWqpdGpYKXrvNO5pA==,yfq12CC0us/Ey9iyxCCl7Klgpbkgpaql0algpes=,PGltZyBzcmM9Imh0dHA6Ly9pbWFnZS5yYWt1dGVuLmNvLmpwL3NvbWVuZG8vY2FiaW5ldC9ydWxlci5naWYiIHdpZHRoPSI0MDAiIGhlaWdodD0iNDAiIGJvcmRlcj0iMCI+ve2jujEwOGNtPEJSPgrL2LLEo7ql3aXqpailuaXGpesvpeypYKXopfM3MC8zMDxCUj4Kpaql0algpeu807mkPEJSPjxpbWcgc3JjPSJodHRwczovL2ltYWdlLnJha3V0ZW4uY28uanAvc29tZW5kby9jYWJpbmV0L2RlbGl2ZXJ5M20uZ2lmIiB3aWR0aD0iNDAwIiBoZWlnaHQ9IjQwMCIgYm9yZGVyPSIwIj48QlI+,VkgxMTM5IDAyNiBMdC5HcmVlbiCl0KWkpaKluaXBpaelw6WvIKWqpdGpYKXrvNO5pKO6pdCl6aWopcalo6XPpaaluQ==,VmFyaWV0eSBIb3VzZaXQpemlqKXGpaOlz6WmpbnJ+rXYsryly6XDpcil1aWhpdal6qXDpa+lubrNsfqlz6XvpaSloqXzpa2l66XIpbmlyKXspcOlwaW1pcal86XBpeWpYKXrpaqpYKWspfOluKlgpeqlw6XXpeulraXjpemlr6W/qWDI64hAyOvRp1ZIMTEzOSAwMjYgTHQuR3JlZW4gpdClpKWipbmlwaWnpcOlryClqqXRqWCl67zTuaQ=,yfq12CC0us/Ey9iyxCCl7Klgpbkgpaql0algpeuho1ZIMTEzOSAwMjYgTHQuR3JlZW4gpdClpKWipbmlwaWnpcOlryClqqXRqWCl67zTuaQ=[rn]
37-44944,aHR0cDovL3RzaG9wLnIxMHMuanAvc29tZW5kby9jYWJpbmV0L2ZhYnJpY3MvMjAxNy0xLzQ5NjU0OTI4NjgwODcuanBnP2ZpdGluPTcwMDo3MDA=,NzguNDAwMA==,,,RUNCLTM0IE5WIKSvpOmksqTOpcCl86W5IKXqpcOl16Xr,yfq12CC6zbH6IKXqpcOl16Xr,PGltZyBzcmM9Imh0dHA6Ly9pbWFnZS5yYWt1dGVuLmNvLmpwL3NvbWVuZG8vY2FiaW5ldC9ydWxlci5naWYiIHdpZHRoPSI0MDAiIGhlaWdodD0iNDAiIGJvcmRlcj0iMCI+ve2jujEwNmNtPEJSPsvYssSjur5kIDEwMCU8QlI+pdWloaXWpeqlr6W5o7o/Pz8/PzxCUj6kr6TppLK8czJjbTxCUj48aW1nIHNyYz0iaHR0cHM6Ly9pbWFnZS5yYWt1dGVuLmNvLmpwL3NvbWVuZG8vY2FiaW5ldC9kZWxpdmVyeTJtLmdpZiIgd2lkdGg9IjQwMCIgaGVpZ2h0PSI0MDAiIGJvcmRlcj0iMCI+PEJSPg==,RUNCLTM0IE5WIKSvpOmksqTOpcCl86W5IKXqpcOl16Xro7ql0KXppailxqWjpc+lpqW5,VmFyaWV0eSBIb3VzZaXQpemlqKXGpaOlz6WmpbnJ+rXYsryly6XDpcil1aWhpdal6qXDpa+lubrNsfqlz6XvpaSloqXzpa2l66XIpbmlyKXspcOlwaW1pcal86XBpeWpYKXrpaqpYKWspfOluKlgpeqlw6XXpeulraXjpemlr6W/qWDI64hAyOvRp0VDQi0zNCBOViCkr6TppLKkzqXApfOluSCl6qXDpdel6w==,yfq12CC6zbH6IKXqpcOl16XroaNFQ0ItMzQgTlYgpK+k6aSypM6lwKXzpbkgpeqlw6XXpes=[rn]
37-44945,aHR0cDovL3RzaG9wLnIxMHMuanAvc29tZW5kby9jYWJpbmV0LzAyMDk5MzY4L2ltZzU3OTE1NDA0LmpwZz9maXRpbj03MDA6NzAw,MzguNDAwMA==,,,VkgxMTQxIDAyOCBCcm93bnkgUmVkIKXJpcOlyCClqqXRqWCl67zTuaQ=,yfq12CC0us/Ey9iyxCCl7Klgpbkgpaql0algpes=,PGltZyBzcmM9Imh0dHA6Ly9pbWFnZS5yYWt1dGVuLmNvLmpwL3NvbWVuZG8vY2FiaW5ldC9ydWxlci5naWYiIHdpZHRoPSI0MDAiIGhlaWdodD0iNDAiIGJvcmRlcj0iMCI+ve2jujExMGNtPEJSPgrL2LLEo7ql3aXqpailuaXGpesvpeypYKXopfM3MC8zMDxCUj4Kpaql0algpeu807mkPEJSPjxpbWcgc3JjPSJodHRwczovL2ltYWdlLnJha3V0ZW4uY28uanAvc29tZW5kby9jYWJpbmV0L2RlbGl2ZXJ5M20uZ2lmIiB3aWR0aD0iNDAwIiBoZWlnaHQ9IjQwMCIgYm9yZGVyPSIwIj48QlI+,VkgxMTQxIDAyOCBCcm93bnkgUmVkIKXJpcOlyCClqqXRqWCl67zTuaSjuqXQpemlqKXGpaOlz6Wmpbk=,VmFyaWV0eSBIb3VzZaXQpemlqKXGpaOlz6WmpbnJ+rXYsryly6XDpcil1aWhpdal6qXDpa+lubrNsfqlz6XvpaSloqXzpa2l66XIpbmlyKXspcOlwaW1pcal86XBpeWpYKXrpaqpYKWspfOluKlgpeqlw6XXpeulraXjpemlr6W/qWDI64hAyOvRp1ZIMTE0MSAwMjggQnJvd255IFJlZCClyaXDpcggpaql0algpeu807mk,yfq12CC0us/Ey9iyxCCl7Klgpbkgpaql0algpeuho1ZIMTE0MSAwMjggQnJvd255IFJlZCClyaXDpcggpaql0algpeu807mk[rn]
37-44946,aHR0cDovL3RzaG9wLnIxMHMuanAvc29tZW5kby9jYWJpbmV0L2ZhYnJpY3MvMjAxNy0xLzQ5NjU0OTI4NjgxMDAuanBnP2ZpdGluPTcwMDo3MDA=,NzguNDAwMA==,,,RUNCLTM1IEJMID8/Pz8/Pz8/ID8/Pz8/,yfq12CC6zbH6IKXqpcOl16Xr,PGltZyBzcmM9Imh0dHA6Ly9pbWFnZS5yYWt1dGVuLmNvLmpwL3NvbWVuZG8vY2FiaW5ldC9ydWxlci5naWYiIHdpZHRoPSI0MDAiIGhlaWdodD0iNDAiIGJvcmRlcj0iMCI+ve2jujEwNmNtPEJSPsvYssSjur5kIDEwMCU8QlI+pdWloaXWpeqlr6W5o7o/Pz8/PzxCUj48aW1nIHNyYz0iaHR0cHM6Ly9pbWFnZS5yYWt1dGVuLmNvLmpwL3NvbWVuZG8vY2FiaW5ldC9kZWxpdmVyeTJtLmdpZiIgd2lkdGg9IjQwMCIgaGVpZ2h0PSI0MDAiIGJvcmRlcj0iMCI+PEJSPg==,RUNCLTM1IEJMID8/Pz8/Pz8/ID8/Pz8/o7ql0KXppailxqWjpc+lpqW5,VmFyaWV0eSBIb3VzZaXQpemlqKXGpaOlz6WmpbnJ+rXYsryly6XDpcil1aWhpdal6qXDpa+lubrNsfqlz6XvpaSloqXzpa2l66XIpbmlyKXspcOlwaW1pcal86XBpeWpYKXrpaqpYKWspfOluKlgpeqlw6XXpeulraXjpemlr6W/qWDI64hAyOvRp0VDQi0zNSBCTCA/Pz8/Pz8/PyA/Pz8/Pw==,yfq12CC6zbH6IKXqpcOl16XroaNFQ0ItMzUgQkwgPz8/Pz8/Pz8gPz8/Pz8=[rn]
37-44947,aHR0cDovL3RzaG9wLnIxMHMuanAvc29tZW5kby9jYWJpbmV0LzAzMDMzODY3LzAzMjM4MDkyLzA0MDIyMDAwODU1MjYuanBnP2ZpdGluPTcwMDo3MDA=,MjIuNDAwMA==,,,QUkyMTM1IDY5IE5hdnkgus2x+qOopcSl0KXho6kgpa+pYKXrpaypYKW8,yfq12CC6zbH6ILrNsfo=,PGltZyBzcmM9Imh0dHA6Ly9pbWFnZS5yYWt1dGVuLmNvLmpwL3NvbWVuZG8vY2FiaW5ldC9ydWxlci5naWYiIHdpZHRoPSI0MDAiIGhlaWdodD0iNDAiIGJvcmRlcj0iMCI+ve2jujEyOGNtPEJSPsvYssSjukNvdHRvbjEwMCU8QlI+v5e9Tb+Xo7qlr6lgpeulrKlgpbw8QlI+PEJSPqH5yPS4yaTOx7e146Ssu+zI66S5pOvKwqSspKKk66S/pOGkqrCypK+kyqTDpMakpKTepLmhozxCUj48aW1nIHNyYz0iaHR0cHM6Ly9pbWFnZS5yYWt1dGVuLmNvLmpwL3NvbWVuZG8vY2FiaW5ldC9kZWxpdmVyeTNtLmdpZiIgd2lkdGg9IjQwMCIgaGVpZ2h0PSI0MDAiIGJvcmRlcj0iMCI+PEJSPg==,QUkyMTM1IDY5IE5hdnkgus2x+qOopcSl0KXho6kgpa+pYKXrpaypYKW8o7ql0KXppailxqWjpc+lpqW5,VmFyaWV0eSBIb3VzZaXQpemlqKXGpaOlz6WmpbnJ+rXYsryly6XDpcil1aWhpdal6qXDpa+lubrNsfqlz6XvpaSloqXzpa2l66XIpbmlyKXspcOlwaW1pcal86XBpeWpYKXrpaqpYKWspfOluKlgpeqlw6XXpeulraXjpemlr6W/qWDI64hAyOvRp0FJMjEzNSA2OSBOYXZ5ILrNsfqjqKXEpdCl4aOpIKWvqWCl66WsqWClvA==,yfq12CC6zbH6ILrNsfqho0FJMjEzNSA2OSBOYXZ5ILrNsfqjqKXEpdCl4aOpIKWvqWCl66WsqWClvA==[rn]
37-44948,aHR0cDovL3RzaG9wLnIxMHMuanAvc29tZW5kby9jYWJpbmV0LzAyMDk5MzY4L2ltZzU3OTE1NDAzLmpwZz9maXRpbj03MDA6NzAw,MzguNDAwMA==,,,VkgxMTQyIDAyOSBHcmV5ILuosfogpaql0algpeu807mk,yfq12CC0us/Ey9iyxCCl7Klgpbkgpaql0algpes=,PGltZyBzcmM9Imh0dHA6Ly9pbWFnZS5yYWt1dGVuLmNvLmpwL3NvbWVuZG8vY2FiaW5ldC9ydWxlci5naWYiIHdpZHRoPSI0MDAiIGhlaWdodD0iNDAiIGJvcmRlcj0iMCI+ve2jujEwNmNtPEJSPgrL2LLEo7ql3aXqpailuaXGpesvpeypYKXopfM3MC8zMDxCUj4Kpaql0algpeu807mkPEJSPjxpbWcgc3JjPSJodHRwczovL2ltYWdlLnJha3V0ZW4uY28uanAvc29tZW5kby9jYWJpbmV0L2RlbGl2ZXJ5M20uZ2lmIiB3aWR0aD0iNDAwIiBoZWlnaHQ9IjQwMCIgYm9yZGVyPSIwIj48QlI+,VkgxMTQyIDAyOSBHcmV5ILuosfogpaql0algpeu807mko7ql0KXppailxqWjpc+lpqW5,VmFyaWV0eSBIb3VzZaXQpemlqKXGpaOlz6WmpbnJ+rXYsryly6XDpcil1aWhpdal6qXDpa+lubrNsfqlz6XvpaSloqXzpa2l66XIpbmlyKXspcOlwaW1pcal86XBpeWpYKXrpaqpYKWspfOluKlgpeqlw6XXpeulraXjpemlr6W/qWDI64hAyOvRp1ZIMTE0MiAwMjkgR3JleSC7qLH6IKWqpdGpYKXrvNO5pA==,yfq12CC0us/Ey9iyxCCl7Klgpbkgpaql0algpeuho1ZIMTE0MiAwMjkgR3JleSC7qLH6IKWqpdGpYKXrvNO5pA==[rn]
37-44949,aHR0cDovL3RzaG9wLnIxMHMuanAvc29tZW5kby9jYWJpbmV0L2ZhYnJpY3MvMjAxNy0xLzQ5NjU0OTI4NjgxMTcuanBnP2ZpdGluPTcwMDo3MDA=,NzguNDAwMA==,,,RUNCLTM1IE5WID8/Pz8/Pz8/ID8/Pz8/,yfq12CC6zbH6IKXqpcOl16Xr,PGltZyBzcmM9Imh0dHA6Ly9pbWFnZS5yYWt1dGVuLmNvLmpwL3NvbWVuZG8vY2FiaW5ldC9ydWxlci5naWYiIHdpZHRoPSI0MDAiIGhlaWdodD0iNDAiIGJvcmRlcj0iMCI+ve2jujEwNmNtPEJSPsvYssSjur5kIDEwMCU8QlI+pdWloaXWpeqlr6W5o7o/Pz8/PzxCUj48aW1nIHNyYz0iaHR0cHM6Ly9pbWFnZS5yYWt1dGVuLmNvLmpwL3NvbWVuZG8vY2FiaW5ldC9kZWxpdmVyeTJtLmdpZiIgd2lkdGg9IjQwMCIgaGVpZ2h0PSI0MDAiIGJvcmRlcj0iMCI+PEJSPg==,RUNCLTM1IE5WID8/Pz8/Pz8/ID8/Pz8/o7ql0KXppailxqWjpc+lpqW5,VmFyaWV0eSBIb3VzZaXQpemlqKXGpaOlz6WmpbnJ+rXYsryly6XDpcil1aWhpdal6qXDpa+lubrNsfqlz6XvpaSloqXzpa2l66XIpbmlyKXspcOlwaW1pcal86XBpeWpYKXrpaqpYKWspfOluKlgpeqlw6XXpeulraXjpemlr6W/qWDI64hAyOvRp0VDQi0zNSBOViA/Pz8/Pz8/PyA/Pz8/Pw==,yfq12CC6zbH6IKXqpcOl16XroaNFQ0ItMzUgTlYgPz8/Pz8/Pz8gPz8/Pz8=[rn]
37-44950,aHR0cDovL3RzaG9wLnIxMHMuanAvc29tZW5kby9jYWJpbmV0L2ZhYnJpY3MvMjAxNy0xLzA0MDIyMDAwODU1MTkuanBnP2ZpdGluPTcwMDo3MDA=,MjIuNDAwMA==,,,QUkyMTM1IE44IJ3iu9LJqyDK0MvJIKWvqWCl66WsqWClvA==,yfq12CC6zbH6ILrNsfo=,PGltZyBzcmM9Imh0dHA6Ly9pbWFnZS5yYWt1dGVuLmNvLmpwL3NvbWVuZG8vY2FiaW5ldC9ydWxlci5naWYiIHdpZHRoPSI0MDAiIGhlaWdodD0iNDAiIGJvcmRlcj0iMCI+ve2jujEyOGNtPEJSPsvYssSjukNvdHRvbjEwMCU8QlI+v5e9Tb+Xo7qlr6lgpeulrKlgpbw8QlI+PEJSPqH5yPS4yaTOx7e146Ssu+zI66S5pOvKwqSspKKk66S/pOGkqrCypK+kyqTDpMakpKTepLmhozxCUj48aW1nIHNyYz0iaHR0cHM6Ly9pbWFnZS5yYWt1dGVuLmNvLmpwL3NvbWVuZG8vY2FiaW5ldC9kZWxpdmVyeTNtLmdpZiIgd2lkdGg9IjQwMCIgaGVpZ2h0PSI0MDAiIGJvcmRlcj0iMCI+PEJSPg==,QUkyMTM1IE44IJ3iu9LJqyDK0MvJIKWvqWCl66WsqWClvKO6pdCl6aWopcalo6XPpaaluQ==,VmFyaWV0eSBIb3VzZaXQpemlqKXGpaOlz6WmpbnJ+rXYsryly6XDpcil1aWhpdal6qXDpa+lubrNsfqlz6XvpaSloqXzpa2l66XIpbmlyKXspcOlwaW1pcal86XBpeWpYKXrpaqpYKWspfOluKlgpeqlw6XXpeulraXjpemlr6W/qWDI64hAyOvRp0FJMjEzNSBOOCCd4rvSyasgytDLySClr6lgpeulrKlgpbw=,yfq12CC6zbH6ILrNsfqho0FJMjEzNSBOOCCd4rvSyasgytDLySClr6lgpeulrKlgpbw=[rn]
37-44951,aHR0cDovL3RzaG9wLnIxMHMuanAvc29tZW5kby9jYWJpbmV0L2ZhYnJpY3MvMjAxNy0xLzQ5NjU0OTI4NjgwOTQuanBnP2ZpdGluPTcwMDo3MDA=,NzguNDAwMA==,,,RUNCLTM1IE9XID8/Pz8/Pz8/ID8/Pz8/,yfq12CC6zbH6IKXqpcOl16Xr,PGltZyBzcmM9Imh0dHA6Ly9pbWFnZS5yYWt1dGVuLmNvLmpwL3NvbWVuZG8vY2FiaW5ldC9ydWxlci5naWYiIHdpZHRoPSI0MDAiIGhlaWdodD0iNDAiIGJvcmRlcj0iMCI+ve2jujEwNmNtPEJSPsvYssSjur5kIDEwMCU8QlI+pdWloaXWpeqlr6W5o7o/Pz8/PzxCUj48aW1nIHNyYz0iaHR0cHM6Ly9pbWFnZS5yYWt1dGVuLmNvLmpwL3NvbWVuZG8vY2FiaW5ldC9kZWxpdmVyeTJtLmdpZiIgd2lkdGg9IjQwMCIgaGVpZ2h0PSI0MDAiIGJvcmRlcj0iMCI+PEJSPg==,RUNCLTM1IE9XID8/Pz8/Pz8/ID8/Pz8/o7ql0KXppailxqWjpc+lpqW5,VmFyaWV0eSBIb3VzZaXQpemlqKXGpaOlz6WmpbnJ+rXYsryly6XDpcil1aWhpdal6qXDpa+lubrNsfqlz6XvpaSloqXzpa2l66XIpbmlyKXspcOlwaW1pcal86XBpeWpYKXrpaqpYKWspfOluKlgpeqlw6XXpeulraXjpemlr6W/qWDI64hAyOvRp0VDQi0zNSBPVyA/Pz8/Pz8/PyA/Pz8/Pw==,yfq12CC6zbH6IKXqpcOl16XroaNFQ0ItMzUgT1cgPz8/Pz8/Pz8gPz8/Pz8=[rn]
37-44952,aHR0cDovL3RzaG9wLnIxMHMuanAvc29tZW5kby9jYWJpbmV0LzAzMDMzODY3LzIwMTMtMi8wNDAyMjAwMDkxMzc0LmpwZz9maXRpbj03MDA6NzAw,NDYuNDAwMA==,,,QUk0NTAwMCA1LUMgUGluayC6zbH6IKW5pbGloqWvpe2luQ==,yfq12CC6zbH6ILrNsfo=,PGltZyBzcmM9Imh0dHA6Ly9pbWFnZS5yYWt1dGVuLmNvLmpwL3NvbWVuZG8vY2FiaW5ldC9ydWxlci5naWYiIHdpZHRoPSI0MDAiIGhlaWdodD0iNDAiIGJvcmRlcj0iMCI+ve2jujExMmNtPEJSPgrL2LLEo7q+ZDEwMCU8QlI+Cr+XvU2/l6O6pbmlsaWipa+l7aW5PEJSPjxpbWcgc3JjPSJodHRwczovL2ltYWdlLnJha3V0ZW4uY28uanAvc29tZW5kby9jYWJpbmV0L2RlbGl2ZXJ5M20uZ2lmIiB3aWR0aD0iNDAwIiBoZWlnaHQ9IjQwMCIgYm9yZGVyPSIwIj48QlI+,QUk0NTAwMCA1LUMgUGluayC6zbH6IKW5pbGloqWvpe2luaO6pdCl6aWopcalo6XPpaaluQ==,VmFyaWV0eSBIb3VzZaXQpemlqKXGpaOlz6WmpbnJ+rXYsryly6XDpcil1aWhpdal6qXDpa+lubrNsfqlz6XvpaSloqXzpa2l66XIpbmlyKXspcOlwaW1pcal86XBpeWpYKXrpaqpYKWspfOluKlgpeqlw6XXpeulraXjpemlr6W/qWDI64hAyOvRp0FJNDUwMDAgNS1DIFBpbmsgus2x+iCluaWxpaKlr6Xtpbk=,yfq12CC6zbH6ILrNsfqho0FJNDUwMDAgNS1DIFBpbmsgus2x+iCluaWxpaKlr6Xtpbk=[rn]
37-44953,aHR0cDovL3RzaG9wLnIxMHMuanAvc29tZW5kby9jYWJpbmV0LzAzMDMzODY3LzIwMTMtMi8wNDAyMjAwMDkxMzgxLmpwZz9maXRpbj03MDA6NzAw,NDYuNDAwMA==,,,QUk0NTAwMCA1LUQgSXZvcnkgus2x+iCluaWxpaKlr6Xtpbk=,yfq12CC6zbH6ILrNsfo=,PGltZyBzcmM9Imh0dHA6Ly9pbWFnZS5yYWt1dGVuLmNvLmpwL3NvbWVuZG8vY2FiaW5ldC9ydWxlci5naWYiIHdpZHRoPSI0MDAiIGhlaWdodD0iNDAiIGJvcmRlcj0iMCI+ve2jujExMmNtPEJSPgrL2LLEo7q+ZDEwMCU8QlI+Cr+XvU2/l6O6pbmlsaWipa+l7aW5PEJSPjxpbWcgc3JjPSJodHRwczovL2ltYWdlLnJha3V0ZW4uY28uanAvc29tZW5kby9jYWJpbmV0L2RlbGl2ZXJ5M20uZ2lmIiB3aWR0aD0iNDAwIiBoZWlnaHQ9IjQwMCIgYm9yZGVyPSIwIj48QlI+,QUk0NTAwMCA1LUQgSXZvcnkgus2x+iCluaWxpaKlr6XtpbmjuqXQpemlqKXGpaOlz6Wmpbk=,VmFyaWV0eSBIb3VzZaXQpemlqKXGpaOlz6WmpbnJ+rXYsryly6XDpcil1aWhpdal6qXDpa+lubrNsfqlz6XvpaSloqXzpa2l66XIpbmlyKXspcOlwaW1pcal86XBpeWpYKXrpaqpYKWspfOluKlgpeqlw6XXpeulraXjpemlr6W/qWDI64hAyOvRp0FJNDUwMDAgNS1EIEl2b3J5ILrNsfogpbmlsaWipa+l7aW5,yfq12CC6zbH6ILrNsfqho0FJNDUwMDAgNS1EIEl2b3J5ILrNsfogpbmlsaWipa+l7aW5[rn]
37-44954,aHR0cDovL3RzaG9wLnIxMHMuanAvc29tZW5kby9jYWJpbmV0L2ZhYnJpY3MvMjAxNy0xLzQ5NDUyNjU0NDc4MzEuanBnP2ZpdGluPTcwMDo3MDA=,MTA0LjAwMDA=,,,RzYwMzctMSBBID8/Pz8/Pz8/Pz8gPz8/Pz8gQkw=,yfq12CCks6TJpOIgpaypYKW8,PGltZyBzcmM9Imh0dHA6Ly9pbWFnZS5yYWt1dGVuLmNvLmpwL3NvbWVuZG8vY2FiaW5ldC9ydWxlci5naWYiIHdpZHRoPSI0MDAiIGhlaWdodD0iNDAiIGJvcmRlcj0iMCI+ve2jujEwOGNtPEJSPsvYssSjur5kIDEwMCU8QlI+vU2/l6O6peqlw6XXpeulr6Xtpbk8QlI+PGltZyBzcmM9Imh0dHBzOi8vaW1hZ2UucmFrdXRlbi5jby5qcC9zb21lbmRvL2NhYmluZXQvZGVsaXZlcnkybS5naWYiIHdpZHRoPSI0MDAiIGhlaWdodD0iNDAwIiBib3JkZXI9IjAiPjxCUj4=,RzYwMzctMSBBID8/Pz8/Pz8/Pz8gPz8/Pz8gQkyjuqXQpemlqKXGpaOlz6Wmpbk=,VmFyaWV0eSBIb3VzZaXQpemlqKXGpaOlz6WmpbnJ+rXYsryly6XDpcil1aWhpdal6qXDpa+lubrNsfqlz6XvpaSloqXzpa2l66XIpbmlyKXspcOlwaW1pcal86XBpeWpYKXrpaqpYKWspfOluKlgpeqlw6XXpeulraXjpemlr6W/qWDI64hAyOvRp0c2MDM3LTEgQSA/Pz8/Pz8/Pz8/ID8/Pz8/IEJM,yfq12CCks6TJpOIgpaypYKW8oaNHNjAzNy0xIEEgPz8/Pz8/Pz8/PyA/Pz8/PyBCTA==[rn]
37-44955,aHR0cDovL3RzaG9wLnIxMHMuanAvc29tZW5kby9jYWJpbmV0LzAzMDMzODY3LzIwMTMtMi8wNDAyMjAwMDkxMzk4LmpwZz9maXRpbj03MDA6NzAw,NDYuNDAwMA==,,,QUk0NTAwMCA3LUEgUmVkILrNsfogpbmlsaWipa+l7aW5,yfq12CC6zbH6ILrNsfo=,PGltZyBzcmM9Imh0dHA6Ly9pbWFnZS5yYWt1dGVuLmNvLmpwL3NvbWVuZG8vY2FiaW5ldC9ydWxlci5naWYiIHdpZHRoPSI0MDAiIGhlaWdodD0iNDAiIGJvcmRlcj0iMCI+ve2jujExMmNtPEJSPgrL2LLEo7q+ZDEwMCU8QlI+Cr+XvU2/l6O6pbmlsaWipa+l7aW5PEJSPjxpbWcgc3JjPSJodHRwczovL2ltYWdlLnJha3V0ZW4uY28uanAvc29tZW5kby9jYWJpbmV0L2RlbGl2ZXJ5M20uZ2lmIiB3aWR0aD0iNDAwIiBoZWlnaHQ9IjQwMCIgYm9yZGVyPSIwIj48QlI+,QUk0NTAwMCA3LUEgUmVkILrNsfogpbmlsaWipa+l7aW5o7ql0KXppailxqWjpc+lpqW5,VmFyaWV0eSBIb3VzZaXQpemlqKXGpaOlz6WmpbnJ+rXYsryly6XDpcil1aWhpdal6qXDpa+lubrNsfqlz6XvpaSloqXzpa2l66XIpbmlyKXspcOlwaW1pcal86XBpeWpYKXrpaqpYKWspfOluKlgpeqlw6XXpeulraXjpemlr6W/qWDI64hAyOvRp0FJNDUwMDAgNy1BIFJlZCC6zbH6IKW5pbGloqWvpe2luQ==,yfq12CC6zbH6ILrNsfqho0FJNDUwMDAgNy1BIFJlZCC6zbH6IKW5pbGloqWvpe2luQ==[rn]
37-44956,aHR0cDovL3RzaG9wLnIxMHMuanAvc29tZW5kby9jYWJpbmV0L2ZhYnJpY3MvMjAxNy0xLzQ5NDUyNjU0NDc4NDguanBnP2ZpdGluPTcwMDo3MDA=,MTA0LjAwMDA=,,,RzYwMzctMSBCID8/Pz8/Pz8/Pz8gPz8/Pz8gU1g=,yfq12CCks6TJpOIgpaypYKW8,PGltZyBzcmM9Imh0dHA6Ly9pbWFnZS5yYWt1dGVuLmNvLmpwL3NvbWVuZG8vY2FiaW5ldC9ydWxlci5naWYiIHdpZHRoPSI0MDAiIGhlaWdodD0iNDAiIGJvcmRlcj0iMCI+ve2jujEwOGNtPEJSPsvYssSjur5kIDEwMCU8QlI+vU2/l6O6peqlw6XXpeulr6Xtpbk8QlI+PGltZyBzcmM9Imh0dHBzOi8vaW1hZ2UucmFrdXRlbi5jby5qcC9zb21lbmRvL2NhYmluZXQvZGVsaXZlcnkybS5naWYiIHdpZHRoPSI0MDAiIGhlaWdodD0iNDAwIiBib3JkZXI9IjAiPjxCUj4=,RzYwMzctMSBCID8/Pz8/Pz8/Pz8gPz8/Pz8gU1ijuqXQpemlqKXGpaOlz6Wmpbk=,VmFyaWV0eSBIb3VzZaXQpemlqKXGpaOlz6WmpbnJ+rXYsryly6XDpcil1aWhpdal6qXDpa+lubrNsfqlz6XvpaSloqXzpa2l66XIpbmlyKXspcOlwaW1pcal86XBpeWpYKXrpaqpYKWspfOluKlgpeqlw6XXpeulraXjpemlr6W/qWDI64hAyOvRp0c2MDM3LTEgQiA/Pz8/Pz8/Pz8/ID8/Pz8/IFNY,yfq12CCks6TJpOIgpaypYKW8oaNHNjAzNy0xIEIgPz8/Pz8/Pz8/PyA/Pz8/PyBTWA==[rn]
37-44957,aHR0cDovL3RzaG9wLnIxMHMuanAvc29tZW5kby9jYWJpbmV0L2ZhYnJpY3MvMjAxNy0xLzIyMjAwMDEyMzAwMDAuanBnP2ZpdGluPTcwMDo3MDA=,NzAuNDAwMA==,,,QVAxMzUwIDMyQSBQaW5rIKSkpO2kz9ChvHkg1duk6vpR,yfq12CC6zbH6ILrNsfo=,PGltZyBzcmM9Imh0dHA6Ly9pbWFnZS5yYWt1dGVuLmNvLmpwL3NvbWVuZG8vY2FiaW5ldC9ydWxlci5naWYiIHdpZHRoPSI0MDAiIGhlaWdodD0iNDAiIGJvcmRlcj0iMCI+ve2jujExMGNtPEJSPsvYssSjur5kIDEwMCU8QlI+pdWloaXWpeqlr6W5o7o/Pz8/Pz88QlI+PGltZyBzcmM9Imh0dHBzOi8vaW1hZ2UucmFrdXRlbi5jby5qcC9zb21lbmRvL2NhYmluZXQvZGVsaXZlcnkzbS5naWYiIHdpZHRoPSI0MDAiIGhlaWdodD0iNDAwIiBib3JkZXI9IjAiPjxCUj4=,QVAxMzUwIDMyQSBQaW5rIKSkpO2kz9ChvHkg1duk6vpRo7ql0KXppailxqWjpc+lpqW5,VmFyaWV0eSBIb3VzZaXQpemlqKXGpaOlz6WmpbnJ+rXYsryly6XDpcil1aWhpdal6qXDpa+lubrNsfqlz6XvpaSloqXzpa2l66XIpbmlyKXspcOlwaW1pcal86XBpeWpYKXrpaqpYKWspfOluKlgpeqlw6XXpeulraXjpemlr6W/qWDI64hAyOvRp0FQMTM1MCAzMkEgUGluayCkpKTtpM/Qobx5INXbpOr6UQ==,yfq12CC6zbH6ILrNsfqho0FQMTM1MCAzMkEgUGluayCkpKTtpM/Qobx5INXbpOr6UQ==[rn]
37-44958,aHR0cDovL3RzaG9wLnIxMHMuanAvc29tZW5kby9jYWJpbmV0L2ZhYnJpY3MvMjAxNy0xLzQ5NDUyNjU0NDc0OTcuanBnP2ZpdGluPTcwMDo3MDA=,MTA0LjAwMDA=,,,RzczMTEtMSBBIKTBpKSktaTKPz8/Pz8/Pz8/PyA/Pz8/PyBQSw==,yfq12CCks6TJpOIgpaypYKW8,PGltZyBzcmM9Imh0dHA6Ly9pbWFnZS5yYWt1dGVuLmNvLmpwL3NvbWVuZG8vY2FiaW5ldC9ydWxlci5naWYiIHdpZHRoPSI0MDAiIGhlaWdodD0iNDAiIGJvcmRlcj0iMCI+ve2jujEwOGNtPEJSPsvYssSjur5kIDEwMCU8QlI+vU2/l6O6peqlw6XXpeulr6Xtpbk8QlI+sfqkzrTzpK2ktaO6NmNtPEJSPjxpbWcgc3JjPSJodHRwczovL2ltYWdlLnJha3V0ZW4uY28uanAvc29tZW5kby9jYWJpbmV0L2RlbGl2ZXJ5Mm0uZ2lmIiB3aWR0aD0iNDAwIiBoZWlnaHQ9IjQwMCIgYm9yZGVyPSIwIj48QlI+,RzczMTEtMSBBIKTBpKSktaTKPz8/Pz8/Pz8/PyA/Pz8/PyBQS6O6pdCl6aWopcalo6XPpaaluQ==,VmFyaWV0eSBIb3VzZaXQpemlqKXGpaOlz6WmpbnJ+rXYsryly6XDpcil1aWhpdal6qXDpa+lubrNsfqlz6XvpaSloqXzpa2l66XIpbmlyKXspcOlwaW1pcal86XBpeWpYKXrpaqpYKWspfOluKlgpeqlw6XXpeulraXjpemlr6W/qWDI64hAyOvRp0c3MzExLTEgQSCkwaSkpLWkyj8/Pz8/Pz8/Pz8gPz8/Pz8gUEs=,yfq12CCks6TJpOIgpaypYKW8oaNHNzMxMS0xIEEgpMGkpKS1pMo/Pz8/Pz8/Pz8/ID8/Pz8/IFBL[rn]
37-44959,aHR0cDovL3RzaG9wLnIxMHMuanAvc29tZW5kby9jYWJpbmV0L2ZhYnJpY3MvMjAxNi0xLzIyMjAwMDAwOTAwMDEuanBnP2ZpdGluPTcwMDo3MDA=,NzAuNDAwMA==,,,QVAxMzUwIDMyQSBQaW5rILrNsfqhuNXbpOr6UaG5ID8/Pz8/Pw==,yfq12CC6zbH6ILrNsfo=,PGltZyBzcmM9Imh0dHA6Ly9pbWFnZS5yYWt1dGVuLmNvLmpwL3NvbWVuZG8vY2FiaW5ldC9ydWxlci5naWYiIHdpZHRoPSI0MDAiIGhlaWdodD0iNDAiIGJvcmRlcj0iMCI+ve2jujExMGNtPEJSPsvYssSjur5kIDEwMCU8QlI+pdWloaXWpeqlr6W5o7o/Pz8/Pz88QlI+PGltZyBzcmM9Imh0dHBzOi8vaW1hZ2UucmFrdXRlbi5jby5qcC9zb21lbmRvL2NhYmluZXQvZGVsaXZlcnkzbS5naWYiIHdpZHRoPSI0MDAiIGhlaWdodD0iNDAwIiBib3JkZXI9IjAiPjxCUj4=,QVAxMzUwIDMyQSBQaW5rILrNsfqhuNXbpOr6UaG5ID8/Pz8/P6O6pdCl6aWopcalo6XPpaaluQ==,VmFyaWV0eSBIb3VzZaXQpemlqKXGpaOlz6WmpbnJ+rXYsryly6XDpcil1aWhpdal6qXDpa+lubrNsfqlz6XvpaSloqXzpa2l66XIpbmlyKXspcOlwaW1pcal86XBpeWpYKXrpaqpYKWspfOluKlgpeqlw6XXpeulraXjpemlr6W/qWDI64hAyOvRp0FQMTM1MCAzMkEgUGluayC6zbH6objV26Tq+lGhuSA/Pz8/Pz8=,yfq12CC6zbH6ILrNsfqho0FQMTM1MCAzMkEgUGluayC6zbH6objV26Tq+lGhuSA/Pz8/Pz8=[rn]
37-44960,aHR0cDovL3RzaG9wLnIxMHMuanAvc29tZW5kby9jYWJpbmV0L2ZhYnJpY3MvMjAxNy0xLzQ5NDUyNjU0NDc1MDMuanBnP2ZpdGluPTcwMDo3MDA=,MTA0LjAwMDA=,,,RzczMTEtMSBCIKTBpKSktaTKPz8/Pz8/Pz8/PyA/Pz8/PyBCTA==,yfq12CCks6TJpOIgpaypYKW8,PGltZyBzcmM9Imh0dHA6Ly9pbWFnZS5yYWt1dGVuLmNvLmpwL3NvbWVuZG8vY2FiaW5ldC9ydWxlci5naWYiIHdpZHRoPSI0MDAiIGhlaWdodD0iNDAiIGJvcmRlcj0iMCI+ve2jujEwOGNtPEJSPsvYssSjur5kIDEwMCU8QlI+vU2/l6O6peqlw6XXpeulr6Xtpbk8QlI+sfqkzrTzpK2ktaO6NmNtPEJSPjxpbWcgc3JjPSJodHRwczovL2ltYWdlLnJha3V0ZW4uY28uanAvc29tZW5kby9jYWJpbmV0L2RlbGl2ZXJ5Mm0uZ2lmIiB3aWR0aD0iNDAwIiBoZWlnaHQ9IjQwMCIgYm9yZGVyPSIwIj48QlI+,RzczMTEtMSBCIKTBpKSktaTKPz8/Pz8/Pz8/PyA/Pz8/PyBCTKO6pdCl6aWopcalo6XPpaaluQ==,VmFyaWV0eSBIb3VzZaXQpemlqKXGpaOlz6WmpbnJ+rXYsryly6XDpcil1aWhpdal6qXDpa+lubrNsfqlz6XvpaSloqXzpa2l66XIpbmlyKXspcOlwaW1pcal86XBpeWpYKXrpaqpYKWspfOluKlgpeqlw6XXpeulraXjpemlr6W/qWDI64hAyOvRp0c3MzExLTEgQiCkwaSkpLWkyj8/Pz8/Pz8/Pz8gPz8/Pz8gQkw=,yfq12CCks6TJpOIgpaypYKW8oaNHNzMxMS0xIEIgpMGkpKS1pMo/Pz8/Pz8/Pz8/ID8/Pz8/IEJM[rn]
37-44961,aHR0cDovL3RzaG9wLnIxMHMuanAvc29tZW5kby9jYWJpbmV0L2ZhYnJpY3MvMjAxNy0xLzIyMjAwMDEyNDAwMDkuanBnP2ZpdGluPTcwMDo3MDA=,NzAuNDAwMA==,,,QVAxMzUwIDMyQiBCbHVlIEdyZWVuIKSkpO2kz9ChvHkg1duk6vpR,yfq12CC6zbH6ILrNsfo=,PGltZyBzcmM9Imh0dHA6Ly9pbWFnZS5yYWt1dGVuLmNvLmpwL3NvbWVuZG8vY2FiaW5ldC9ydWxlci5naWYiIHdpZHRoPSI0MDAiIGhlaWdodD0iNDAiIGJvcmRlcj0iMCI+ve2jujExMGNtPEJSPsvYssSjur5kIDEwMCU8QlI+pdWloaXWpeqlr6W5o7o/Pz8/Pz88QlI+PGltZyBzcmM9Imh0dHBzOi8vaW1hZ2UucmFrdXRlbi5jby5qcC9zb21lbmRvL2NhYmluZXQvZGVsaXZlcnkzbS5naWYiIHdpZHRoPSI0MDAiIGhlaWdodD0iNDAwIiBib3JkZXI9IjAiPjxCUj4=,QVAxMzUwIDMyQiBCbHVlIEdyZWVuIKSkpO2kz9ChvHkg1duk6vpRo7ql0KXppailxqWjpc+lpqW5,VmFyaWV0eSBIb3VzZaXQpemlqKXGpaOlz6WmpbnJ+rXYsryly6XDpcil1aWhpdal6qXDpa+lubrNsfqlz6XvpaSloqXzpa2l66XIpbmlyKXspcOlwaW1pcal86XBpeWpYKXrpaqpYKWspfOluKlgpeqlw6XXpeulraXjpemlr6W/qWDI64hAyOvRp0FQMTM1MCAzMkIgQmx1ZSBHcmVlbiCkpKTtpM/Qobx5INXbpOr6UQ==,yfq12CC6zbH6ILrNsfqho0FQMTM1MCAzMkIgQmx1ZSBHcmVlbiCkpKTtpM/Qobx5INXbpOr6UQ==[rn]
37-44962,aHR0cDovL3RzaG9wLnIxMHMuanAvc29tZW5kby9jYWJpbmV0L2ZhYnJpY3MvMjAxNy0xLzIyMjAwMDEyNTAwMDguanBnP2ZpdGluPTcwMDo3MDA=,NzAuNDAwMA==,,,QVAxMzUwIDMyQyBHb2xkZW4gWWVsbG93IKSkpO2kz9ChvHkg1duk6g==,yfq12CC6zbH6ILrNsfo=,PGltZyBzcmM9Imh0dHA6Ly9pbWFnZS5yYWt1dGVuLmNvLmpwL3NvbWVuZG8vY2FiaW5ldC9ydWxlci5naWYiIHdpZHRoPSI0MDAiIGhlaWdodD0iNDAiIGJvcmRlcj0iMCI+ve2jujExMGNtPEJSPsvYssSjur5kIDEwMCU8QlI+pdWloaXWpeqlr6W5o7o/Pz8/Pz88QlI+PGltZyBzcmM9Imh0dHBzOi8vaW1hZ2UucmFrdXRlbi5jby5qcC9zb21lbmRvL2NhYmluZXQvZGVsaXZlcnkzbS5naWYiIHdpZHRoPSI0MDAiIGhlaWdodD0iNDAwIiBib3JkZXI9IjAiPjxCUj4=,QVAxMzUwIDMyQyBHb2xkZW4gWWVsbG93IKSkpO2kz9ChvHkg1duk6qO6pdCl6aWopcalo6XPpaaluQ==,VmFyaWV0eSBIb3VzZaXQpemlqKXGpaOlz6WmpbnJ+rXYsryly6XDpcil1aWhpdal6qXDpa+lubrNsfqlz6XvpaSloqXzpa2l66XIpbmlyKXspcOlwaW1pcal86XBpeWpYKXrpaqpYKWspfOluKlgpeqlw6XXpeulraXjpemlr6W/qWDI64hAyOvRp0FQMTM1MCAzMkMgR29sZGVuIFllbGxvdyCkpKTtpM/Qobx5INXbpOo=,yfq12CC6zbH6ILrNsfqho0FQMTM1MCAzMkMgR29sZGVuIFllbGxvdyCkpKTtpM/Qobx5INXbpOo=[rn]
